county_fips,state,county_name,party_winner,dem_vote_share,kmeans_cluster,agglomerative_cluster,pca_1,pca_2
1001,ALABAMA,AUTAUGA,0,0.2701836514223982,0,2,0.30432089049888633,-0.6232364003065575
1003,ALABAMA,BALDWIN,0,0.22409029987509,1,0,1.5068860143717482,-0.6069518168429456
1005,ALABAMA,BARBOUR,0,0.4578817265639855,2,1,-3.7459841809681165,-1.76578788634884
1007,ALABAMA,BIBB,0,0.2069828035435122,2,2,-1.6070169913400925,-0.20409330922090838
1009,ALABAMA,BLOUNT,0,0.0956937799043062,0,2,-0.20463498529505805,0.8813176975854977
1011,ALABAMA,BULLOCK,1,0.7470192933015392,2,1,-4.399327861593048,-2.4443776453607398
1013,ALABAMA,BUTLER,0,0.4178962900505902,2,1,-2.5005882247578066,-1.6859741858704436
1015,ALABAMA,CALHOUN,0,0.2984524253182433,2,1,-0.9938902155408001,-0.9805950789249348
1017,ALABAMA,CHAMBERS,0,0.4164485736718136,2,1,-1.6157524795538256,-1.1160611456294034
1019,ALABAMA,CHEROKEE,0,0.1320217868465978,0,2,-0.3983384067101873,1.2097954646126734
1021,ALABAMA,CHILTON,0,0.1591403417918177,0,2,-0.870139881566085,0.16847098275378036
1023,ALABAMA,CHOCTAW,0,0.4189442658092175,2,1,-2.879033705945626,-0.9886030151178715
1025,ALABAMA,CLARKE,0,0.4381423677198325,2,1,-4.068882241447395,-2.0495353200249866
1027,ALABAMA,CLAY,0,0.1828282828282828,0,2,-1.2699717291747301,0.7130027930589453
1029,ALABAMA,CLEBURNE,0,0.0933997509339975,0,2,-0.26410474026373815,1.4065499394802474
1031,ALABAMA,COFFEE,0,0.2278787878787878,0,1,-0.28369452835043973,-0.6827090376656378
1033,ALABAMA,COLBERT,0,0.2991823854263788,0,2,-0.5651474893019882,-0.02760876628019327
1035,ALABAMA,CONECUH,0,0.4604875019406924,2,1,-3.066672057572892,-1.4697441702588763
1037,ALABAMA,COOSA,0,0.3277970432560686,0,1,-1.2205626341846334,0.10516791456159359
1039,ALABAMA,COVINGTON,0,0.1561101549053356,0,2,-1.3822737359444697,0.06114355533027434
1041,ALABAMA,CRENSHAW,0,0.2569140093698051,0,2,-0.9951461666350312,-0.0997121753753581
1043,ALABAMA,CULLMAN,0,0.1069986380253757,0,2,0.03727262512756714,0.7616838966363056
1045,ALABAMA,DALE,0,0.2619313000303982,2,2,-1.5495021400490854,-0.8731063419780547
1047,ALABAMA,DALLAS,1,0.6846171070309002,2,1,-5.144486667949178,-3.6656320921557035
1049,ALABAMA,DEKALB,0,0.1458304946177953,0,2,-1.0060140957056358,0.6184991547989337
1051,ALABAMA,ELMORE,0,0.2526687789422374,0,1,0.594964896826609,-0.8102744167075143
1053,ALABAMA,ESCAMBIA,0,0.3091137649277184,2,1,-3.2616614679797347,-1.2204490281797153
1055,ALABAMA,ETOWAH,0,0.2423524974857526,0,1,-0.8318345734935498,-0.381867004629572
1057,ALABAMA,FAYETTE,0,0.1591375770020534,2,2,-1.9365333834609908,0.37165375810376394
1059,ALABAMA,FRANKLIN,0,0.1658451264111941,0,2,-1.1035290804262878,0.577064229093082
1061,ALABAMA,GENEVA,0,0.1271422877640494,0,2,-1.2969642081750374,0.7870463286946867
1063,ALABAMA,GREENE,1,0.8134031413612566,2,1,-7.082021879192939,-3.6983681753248976
1065,ALABAMA,HALE,1,0.590253164556962,2,1,-4.422927153769438,-2.3589451906217693
1067,ALABAMA,HENRY,0,0.2802753280275328,2,1,-1.0445388082311462,-0.45546353228835385
1069,ALABAMA,HOUSTON,0,0.2797522361553288,2,1,-1.0292213597149857,-1.250477596160763
1071,ALABAMA,JACKSON,0,0.157260111694026,0,2,-0.7019608272550628,0.6815082430460329
1073,ALABAMA,JEFFERSON,1,0.5575851317178562,2,1,-0.599377132258618,-3.299833841071835
1075,ALABAMA,LAMAR,0,0.1359655220353121,0,2,-1.2801358794187085,0.9628499763057644
1077,ALABAMA,LAUDERDALE,0,0.2687250501815557,0,2,0.1788480326061201,-0.05185603071828836
1079,ALABAMA,LAWRENCE,0,0.2221944981598153,0,2,-0.7194174615507292,0.3831783817778739
1081,ALABAMA,LEE,0,0.38992848045459,1,0,-0.008895325163358399,-2.0000548363013
1083,ALABAMA,LIMESTONE,0,0.2776886361328323,0,2,0.5817052803114551,-0.7642103552141323
1085,ALABAMA,LOWNDES,1,0.7274323335771763,2,1,-4.995860034635365,-3.193169954885694
1087,ALABAMA,MACON,1,0.8148572738736674,2,1,-4.86684040231053,-4.035272380883271
1089,ALABAMA,MADISON,0,0.4481560017867503,1,0,1.4523474962276162,-2.4874885773721758
1091,ALABAMA,MARENGO,1,0.50348623853211,2,1,-3.439391438255957,-1.7717779098092017
1093,ALABAMA,MARION,0,0.105960744549866,0,2,-1.0415700640460748,0.9590140840800965
1095,ALABAMA,MARSHALL,0,0.1498676081200353,0,2,-0.09404622691175364,0.3911879371232462
1097,ALABAMA,MOBILE,0,0.4338953069380445,2,1,-1.063673978739297,-2.4261308770227914
1099,ALABAMA,MONROE,0,0.4176040494938133,2,1,-4.357557260816777,-1.9738195794718605
1101,ALABAMA,MONTGOMERY,1,0.6508941990538537,2,1,-1.5786991010423517,-4.108097253089959
1103,ALABAMA,MORGAN,0,0.2463422806299095,0,2,-0.1416002353083347,-0.412776011983584
1105,ALABAMA,PERRY,1,0.7380497131931166,2,1,-6.070351178813462,-3.0478685715574505
1107,ALABAMA,PICKENS,0,0.4160115846090194,2,1,-3.1904100470449235,-1.3724711959306062
1109,ALABAMA,PIKE,0,0.4071960118488548,2,1,-1.911746592114338,-1.6271947789335741
1111,ALABAMA,RANDOLPH,0,0.2032850419857894,0,2,-1.1514527727352017,0.15291280789491174
1113,ALABAMA,RUSSELL,1,0.5264194289465047,2,1,-2.5163853011913213,-2.0281713378098942
1115,ALABAMA,ST. CLAIR,0,0.1742535046466101,0,2,0.4603671875494948,-0.03617886778711299
1117,ALABAMA,SHELBY,0,0.289412788168769,1,0,2.6487917154324343,-1.5262509895345893
1119,ALABAMA,SUMTER,1,0.7388332538547131,2,1,-5.08638132114895,-3.244423540978478
1121,ALABAMA,TALLADEGA,0,0.3683930123657572,2,1,-1.9061145490852274,-1.270096277844873
1123,ALABAMA,TALLAPOOSA,0,0.2791196226954409,2,1,-1.9919344196223256,-1.2673993657612561
1125,ALABAMA,TUSCALOOSA,0,0.4188107172958346,2,1,-0.6166665641221692,-2.121199174967297
1127,ALABAMA,WALKER,0,0.1550850176451716,0,2,-1.0004223128844405,0.36274325967818355
1129,ALABAMA,WASHINGTON,0,0.254393871113114,2,1,-1.7943186898348231,-0.31058995437149306
1131,ALABAMA,WILCOX,1,0.6857530069456209,2,1,-5.682132954234034,-3.2568862306624693
1133,ALABAMA,WINSTON,0,0.086316908897554,0,2,-0.8284069243130461,1.2324274267555224
2013,ALASKA,DISTRICT 13,0,0.3456502009594192,1,0,1.5360775531021091,-4.731060233210205
2016,ALASKA,DISTRICT 16,1,0.5264843557526484,1,0,3.900159017199556,-7.194111747330155
2020,ALASKA,DISTRICT 20,1,0.6510604241696679,1,0,2.6811159813108003,-3.1797823398083644
4001,ARIZONA,APACHE,1,0.6622597520755146,2,1,-4.132181176609956,-1.8669950642660385
4003,ARIZONA,COCHISE,0,0.3926408788590715,0,2,0.1649810512471474,-0.5370449929872312
4005,ARIZONA,COCONINO,1,0.6100283873785348,1,2,0.09930384459495718,-1.5739766042173577
4007,ARIZONA,GILA,0,0.3232954956257682,0,2,-0.9010901235344706,-0.15057150048802492
4009,ARIZONA,GRAHAM,0,0.2690230076692231,0,2,-0.9706307402672008,0.0784499697990118
4011,ARIZONA,GREENLEE,0,0.3207598371777476,0,2,0.46442229273353214,1.1748790049180893
4012,ARIZONA,LA PAZ,0,0.2998122821131671,2,2,-2.30821953130834,0.19950260071345033
4013,ARIZONA,MARICOPA,1,0.5032405867289705,1,0,1.7466831470040152,-2.5364307556104535
4015,ARIZONA,MOHAVE,0,0.2372358313906829,0,2,-0.5733184411537302,-0.11224097757319651
4017,ARIZONA,NAVAJO,0,0.4516970270635733,2,1,-2.7005337025599734,-1.491769337974331
4019,ARIZONA,PIMA,1,0.5860544930120658,1,0,0.6165871320293651,-1.8972052372169768
4021,ARIZONA,PINAL,0,0.4060354428189908,0,2,0.44171524669344,-1.0832894254667786
4023,ARIZONA,SANTA CRUZ,1,0.6718142769482511,0,2,-1.5370302162712588,-0.03331949854310428
4025,ARIZONA,YAVAPAI,0,0.3463318926693711,0,2,0.7903371643758841,-0.3235983592039857
4027,ARIZONA,YUMA,0,0.4609264320773887,0,2,-1.120265905320814,-0.8077631957497967
5001,ARKANSAS,ARKANSAS,0,0.2889383343928798,0,1,-1.1417945126774571,-0.17845355999841883
5003,ARKANSAS,ASHLEY,0,0.2681049709815796,2,1,-1.5261148483853733,0.05036506963777093
5005,ARKANSAS,BAXTER,0,0.2206407388013519,0,2,-0.058645577718718485,0.9241696047945939
5007,ARKANSAS,BENTON,0,0.3523333778103943,1,0,2.436927630291152,-1.039743944328716
5009,ARKANSAS,BOONE,0,0.1790347084258501,0,2,0.05568679087715372,1.0226229720452673
5011,ARKANSAS,BRADLEY,0,0.3322386425834702,2,1,-1.8568070596700479,-0.12364743644145103
5013,ARKANSAS,CALHOUN,0,0.2195233730522456,2,2,-1.6251128399818224,0.26157627444774456
5015,ARKANSAS,CARROLL,0,0.3410189031109604,0,2,0.039983493882558306,0.6360090244801518
5017,ARKANSAS,CHICOT,1,0.5508164757494516,2,1,-4.6089928073058335,-2.27140035359932
5019,ARKANSAS,CLARK,0,0.4095294818344253,2,1,-1.328620544227909,-0.26089590418518205
5021,ARKANSAS,CLAY,0,0.1856067914335327,0,2,-1.315645272169363,1.3855596742250926
5023,ARKANSAS,CLEBURNE,0,0.156782334384858,0,2,-0.20331448982572223,1.1315505031115234
5025,ARKANSAS,CLEVELAND,0,0.1808333333333333,0,2,-0.6158162564119881,1.0479470164823177
5027,ARKANSAS,COLUMBIA,0,0.3266016713091922,2,1,-2.6130720783878227,-1.1585705810248235
5029,ARKANSAS,CONWAY,0,0.3010938399539435,0,2,-1.402529897563071,0.2804140005174894
5031,ARKANSAS,CRAIGHEAD,0,0.3095479213731141,0,2,-0.4435298976887525,-0.8116546560701782
5033,ARKANSAS,CRAWFORD,0,0.2058445062471462,0,2,-0.26048787671902923,0.3176151850700862
5035,ARKANSAS,CRITTENDEN,1,0.5201930714242072,2,1,-3.2677145183499126,-2.5234791844748297
5037,ARKANSAS,CROSS,0,0.2552578507634687,2,2,-1.677578827187811,0.02031387186796601
5039,ARKANSAS,DALLAS,0,0.3635334088335221,2,1,-2.6681822890629685,-0.7124882045803184
5041,ARKANSAS,DESHA,1,0.484149855907781,2,1,-3.5701667941119104,-1.2450026788503679
5043,ARKANSAS,DREW,0,0.3511870295309786,2,1,-1.3468196503752285,-0.23733422427416576
5045,ARKANSAS,FAULKNER,0,0.3370875284779893,0,2,0.48004387394946946,-0.5006259760384778
5047,ARKANSAS,FRANKLIN,0,0.1823537663066348,0,2,-1.493664897991189,1.2288480947345832
5049,ARKANSAS,FULTON,0,0.2021879273295565,0,2,-1.3524170921389036,1.5095316450539162
5051,ARKANSAS,GARLAND,0,0.3177673703024955,0,2,-0.3846674637552355,-0.27161792472399465
5053,ARKANSAS,GRANT,0,0.1546341463414634,0,2,0.6033296968598194,1.1131618145693856
5055,ARKANSAS,GREENE,0,0.1899378881987577,0,2,-0.6087544916056052,0.5391341494653359
5057,ARKANSAS,HEMPSTEAD,0,0.3122079439252336,2,1,-2.3158635663873177,-0.9317514898070394
5059,ARKANSAS,HOT SPRING,0,0.2454407899976109,0,2,-0.7253068244332915,0.418794695035142
5061,ARKANSAS,HOWARD,0,0.2772031443938767,2,2,-2.1848885581383293,-0.20107498256010836
5063,ARKANSAS,INDEPENDENCE,0,0.1933572216097023,0,2,-0.0680363843730498,0.741881902530285
5065,ARKANSAS,IZARD,0,0.1757314974182444,0,2,-1.3761012215805026,0.7227196060848367
5067,ARKANSAS,JACKSON,0,0.2681202121390689,2,2,-2.50123726033183,0.05490079897995311
5069,ARKANSAS,JEFFERSON,1,0.5954765879640671,2,1,-3.166745935485953,-2.8859579796967023
5071,ARKANSAS,JOHNSON,0,0.2403663929248262,0,2,-0.6094038649985994,0.7944942404186542
5073,ARKANSAS,LAFAYETTE,0,0.3131765584173199,2,1,-3.2220848857476505,-0.6808688678942482
5075,ARKANSAS,LAWRENCE,0,0.1843947413351545,0,2,-0.9744761913498017,1.159428487953141
5077,ARKANSAS,LEE,1,0.4996488764044944,2,1,-5.2133386044926455,-2.1844824263481635
5079,ARKANSAS,LINCOLN,0,0.2663225806451613,0,1,-1.1045140495350443,0.23945289923349708
5081,ARKANSAS,LITTLE RIVER,0,0.2368166892022407,2,2,-1.434698880781679,-0.052697675847504635
5083,ARKANSAS,LOGAN,0,0.1877203647416413,0,2,-0.8127452237150161,0.8189223281187417
5085,ARKANSAS,LONOKE,0,0.2180549214010827,0,2,0.5387213032443361,0.17979667212955056
5087,ARKANSAS,MADISON,0,0.2126241327710515,0,2,-1.2581868596507355,1.023725610983017
5089,ARKANSAS,MARION,0,0.204051712648274,0,2,-0.954314651160614,1.16305885570318
5091,ARKANSAS,MILLER,0,0.2568213443039506,2,1,-1.7717458265662944,-0.8490389581093691
5093,ARKANSAS,MISSISSIPPI,0,0.3693080538000324,2,1,-2.7466637658456015,-1.45022930653549
5095,ARKANSAS,MONROE,0,0.4073153409090909,2,1,-3.206757573774788,-0.902479705522158
5097,ARKANSAS,MONTGOMERY,0,0.1887425768138394,0,2,-1.2776601950208675,1.130075422684023
5099,ARKANSAS,NEVADA,0,0.3204288266825491,2,1,-2.6691933216844728,-0.3676140863768954
5101,ARKANSAS,NEWTON,0,0.1773386693346673,0,2,-0.3756312146805499,1.6232795936903246
5103,ARKANSAS,OUACHITA,0,0.4148925122027209,2,1,-3.102447047385657,-1.31069683212619
5105,ARKANSAS,PERRY,0,0.2187162308191052,0,2,-0.6374013522864549,1.2201557584983884
5107,ARKANSAS,PHILLIPS,1,0.5804229413649471,2,1,-5.789544964778702,-3.2689028375237745
5109,ARKANSAS,PIKE,0,0.1516721620348563,0,2,-0.5630734371772295,1.2228559159380386
5111,ARKANSAS,POINSETT,0,0.1893365243983512,0,2,-1.2975483256102143,1.0394282715996248
5113,ARKANSAS,POLK,0,0.1467608951707891,0,2,-2.0423049200955083,0.534912596877974
5115,ARKANSAS,POPE,0,0.2362475442043222,0,2,-0.11945469423961284,0.2576080519805487
5117,ARKANSAS,PRAIRIE,0,0.1871244635193133,0,2,-0.7257322619910926,0.9559740576854662
5119,ARKANSAS,PULASKI,1,0.5998434889030102,1,1,-0.292822644395244,-2.8453157489402887
5121,ARKANSAS,RANDOLPH,0,0.1783617146212566,0,2,-0.7916775564643533,1.3253945534951967
5123,ARKANSAS,ST. FRANCIS,1,0.5070343275182893,2,1,-3.754619086227413,-2.0150750906273607
5125,ARKANSAS,SALINE,0,0.2819571972822556,1,0,1.5209526918560035,-0.3031565080740394
5127,ARKANSAS,SCOTT,0,0.1360180230920867,0,2,-1.0994911022388032,1.0133875376386545
5129,ARKANSAS,SEARCY,0,0.1463050510077133,0,2,-1.7672614733527978,1.6206235470825219
5131,ARKANSAS,SEBASTIAN,0,0.3073186253712346,0,2,-0.06508086575117546,-1.0696408937983088
5133,ARKANSAS,SEVIER,0,0.2145328719723183,0,2,-1.452702011891341,0.14146639805616726
5135,ARKANSAS,SHARP,0,0.1847739888977002,0,2,-1.2494191189252077,1.4940013400370957
5137,ARKANSAS,STONE,0,0.1987201077803974,0,2,-1.7365931884085268,1.1269482072571486
5139,ARKANSAS,UNION,0,0.3362437526344312,2,1,-1.4561351813858938,-0.9828866709452242
5141,ARKANSAS,VAN BUREN,0,0.2040476495452798,0,2,-0.9586033498873697,1.116857656188689
5143,ARKANSAS,WASHINGTON,0,0.4648972057793902,0,2,0.556794291358523,-0.9827193406800221
5145,ARKANSAS,WHITE,0,0.1935567427553828,0,2,-0.11154865374582164,0.46933197965186824
5147,ARKANSAS,WOODRUFF,0,0.345718901453958,2,1,-2.4037096713739854,-0.049551737965777554
5149,ARKANSAS,YELL,0,0.1904761904761904,0,2,-0.41342711507758656,0.702566029105538
6001,CALIFORNIA,ALAMEDA,1,0.8020816289428234,1,0,5.464687697690356,-8.539713331631383
6003,CALIFORNIA,ALPINE,1,0.6423751686909581,1,0,0.607116403605826,-0.8635530320884669
6005,CALIFORNIA,AMADOR,0,0.3655398134863701,0,2,0.9155968175791146,0.2195014956377625
6007,CALIFORNIA,BUTTE,1,0.4940528677522387,1,2,0.20111091935260567,-1.4025181169156198
6009,CALIFORNIA,CALAVERAS,0,0.369827713149757,0,2,0.9461667678614318,0.062407358670018884
6011,CALIFORNIA,COLUSA,0,0.4068584348699912,0,2,0.1304732748357443,0.6044300618787344
6013,CALIFORNIA,CONTRA COSTA,1,0.7162816781234302,1,0,4.231290224349199,-5.656415860530282
6015,CALIFORNIA,DEL NORTE,0,0.4083646206234174,0,2,-0.6017707207957241,-0.26374647681418223
6017,CALIFORNIA,EL DORADO,0,0.4443994869101834,1,0,2.8394096620408433,-1.3993056835956388
6019,CALIFORNIA,FRESNO,1,0.528955899560722,1,1,-0.16357655216715355,-3.4396209388086687
6021,CALIFORNIA,GLENN,0,0.3536337080640878,0,2,-0.3586118324839499,0.15825369202460693
6023,CALIFORNIA,HUMBOLDT,1,0.6502912423921096,0,2,-0.40912953033720045,-1.1975769759879245
6025,CALIFORNIA,IMPERIAL,1,0.6111414623830252,2,1,-2.5044166946783197,-1.743254759316728
6027,CALIFORNIA,INYO,1,0.4886123998312948,0,0,0.9350710438995372,0.16421871484644537
6029,CALIFORNIA,KERN,0,0.436847346147295,2,1,-0.792067415070636,-2.1740425492094446
6031,CALIFORNIA,KINGS,0,0.426324069218668,0,1,-0.43362484657815314,-1.4597464790976502
6033,CALIFORNIA,LAKE,1,0.5185686519505761,2,2,-1.2855352058254301,-0.6203787276200764
6035,CALIFORNIA,LASSEN,0,0.2335029615416701,0,2,-0.0765303797889314,0.09764994639111299
6037,CALIFORNIA,LOS ANGELES,1,0.7102780836068208,1,0,2.1003803378128696,-5.509413605067513
6039,CALIFORNIA,MADERA,0,0.4311769522816943,2,1,-1.0450178436102653,-1.4713089336276366
6041,CALIFORNIA,MARIN,1,0.8232561124302125,1,0,5.285323003934706,-3.24531699850956
6043,CALIFORNIA,MARIPOSA,0,0.3976653696498054,0,2,-0.266507150841082,0.02909731811077809
6045,CALIFORNIA,MENDOCINO,1,0.6640978311029072,0,2,-0.3038253281627817,-0.6569385029549624
6047,CALIFORNIA,MERCED,1,0.5410142014709455,2,1,-1.1129727537895444,-2.755716914710626
6049,CALIFORNIA,MODOC,0,0.2647939212525904,0,2,-0.8111292583812268,0.4316137124173148
6051,CALIFORNIA,MONO,1,0.5955773226476699,0,0,1.6461685069945629,-0.08537533351114321
6053,CALIFORNIA,MONTEREY,1,0.6951617527741684,1,0,1.3148328242567338,-2.637947590068509
6055,CALIFORNIA,NAPA,1,0.6904643104643104,1,0,3.178567751966074,-2.3452179652019174
6057,CALIFORNIA,NEVADA,1,0.5615289575289575,1,0,2.2620930575136415,-0.3177609463240699
6059,CALIFORNIA,ORANGE,1,0.534788810029216,1,0,4.378049999902038,-5.963011011829811
6061,CALIFORNIA,PLACER,0,0.4545992070919331,1,0,3.779067074257588,-2.5294827477607016
6063,CALIFORNIA,PLUMAS,0,0.4050621669626998,0,2,0.4475666344756545,0.30973869055050735
6065,CALIFORNIA,RIVERSIDE,1,0.5298468845396307,1,0,0.9458316464349873,-3.272223761383487
6067,CALIFORNIA,SACRAMENTO,1,0.6135627192249875,1,0,2.0020631719075963,-4.969052446082066
6069,CALIFORNIA,SAN BENITO,1,0.6114464099895942,1,0,1.1527847932055428,-0.9702078403016468
6071,CALIFORNIA,SAN BERNARDINO,1,0.541960220179996,1,0,0.5111713680418675,-3.269096995808272
6073,CALIFORNIA,SAN DIEGO,1,0.6020998125635477,1,0,3.042966011770357,-4.277922149417166
6075,CALIFORNIA,SAN FRANCISCO,1,0.8525610242744385,1,0,7.001250626932576,-9.171790321845924
6077,CALIFORNIA,SAN JOAQUIN,1,0.5585492838622909,1,0,1.1338675171113788,-4.325225760199793
6079,CALIFORNIA,SAN LUIS OBISPO,1,0.5529258549657513,1,0,2.3071732687912627,-1.3699182684323696
6081,CALIFORNIA,SAN MATEO,1,0.778878346350444,1,0,6.8433721945397945,-7.806183455542032
6083,CALIFORNIA,SANTA BARBARA,1,0.6487154273506407,1,0,1.8876265660021772,-2.1811934740098913
6085,CALIFORNIA,SANTA CLARA,1,0.726386761658366,1,0,7.486098691998303,-9.62291617532077
6087,CALIFORNIA,SANTA CRUZ,1,0.7887901572112098,1,0,2.5237725080295186,-2.3597670707072647
6089,CALIFORNIA,SHASTA,0,0.3228236306897665,0,2,0.4956103042556679,-0.6297113284146015
6091,CALIFORNIA,SIERRA,0,0.3780424650440186,0,2,-0.010850245834990814,1.4636463389691396
6093,CALIFORNIA,SISKIYOU,0,0.4086997273346966,0,2,-0.5435423262028426,-0.039147437847687615
6095,CALIFORNIA,SOLANO,1,0.6394060531288099,1,0,2.3918181104831264,-4.603073728088855
6097,CALIFORNIA,SONOMA,1,0.7451559163228569,1,0,2.775226364741908,-2.1215185456294496
6099,CALIFORNIA,STANISLAUS,1,0.4923890692892432,1,1,0.19103687613314788,-2.041195216636762
6101,CALIFORNIA,SUTTER,0,0.4072554169402495,1,0,1.1250082634007619,-3.2948480709069425
6103,CALIFORNIA,TEHAMA,0,0.3101527966308169,0,2,-0.9846425487905951,-0.19478190154406583
6105,CALIFORNIA,TRINITY,0,0.4555040741332481,0,2,-1.5667241214600989,0.19511012237533504
6107,CALIFORNIA,TULARE,0,0.4500459543180038,2,1,-1.3449662042314598,-1.724998753037288
6109,CALIFORNIA,TUOLUMNE,0,0.3939094975006577,0,2,0.5724750365795996,-0.1352033279408614
6111,CALIFORNIA,VENTURA,1,0.5945438420150181,1,0,2.951110070453664,-2.6023040850210633
6113,CALIFORNIA,YOLO,1,0.6947807675704566,1,0,2.014670487790391,-3.6621505003856547
6115,CALIFORNIA,YUBA,0,0.376896227681568,0,1,0.19815658412189396,-1.3488109609122994
8001,COLORADO,ADAMS,1,0.5668750528005406,1,0,1.7447043344583397,-1.4027425384086198
8003,COLORADO,ALAMOSA,0,0.4814293032786885,0,2,-0.9758249538436187,0.34936695799272244
8005,COLORADO,ARAPAHOE,1,0.60998677834161,1,0,2.853400090533737,-2.8611566824945207
8007,COLORADO,ARCHULETA,0,0.4087926509186351,0,0,1.5651889943556894,0.06906651946573979
8009,COLORADO,BACA,0,0.1424719101123595,0,2,-0.44298225258203217,1.946948183057211
8011,COLORADO,BENT,0,0.3218997361477572,0,2,-0.9387198416065144,1.1677782520903048
8013,COLORADO,BOULDER,1,0.7718607934559534,1,0,3.8449758785621415,-2.2977967488919617
8014,COLORADO,BROOMFIELD,1,0.6235417738891749,1,0,4.658710471099513,-2.057832484093525
8015,COLORADO,CHAFFEE,1,0.5219419740486951,0,0,1.6785378875480579,0.4955906381793904
8017,COLORADO,CHEYENNE,0,0.1153169014084507,0,2,0.9773546318674022,1.5240763844562606
8019,COLORADO,CLEAR CREEK,1,0.550397067806964,1,0,3.0326719077216153,-0.004023950691239445
8021,COLORADO,CONEJOS,0,0.4521117009000692,0,2,-1.8805587036232592,0.5087465943750746
8023,COLORADO,COSTILLA,1,0.6260744985673352,2,2,-2.345887808360543,0.3222616090880402
8025,COLORADO,CROWLEY,0,0.2497142857142857,2,2,-2.703900841472931,0.33745700990242766
8027,COLORADO,CUSTER,0,0.3059147180192572,0,0,1.5693936389244196,0.9182994028070393
8029,COLORADO,DELTA,0,0.3039235931853381,0,2,-0.41873402856189423,0.4888796146244578
8031,COLORADO,DENVER,1,0.7955051557909651,1,0,2.5674498648772004,-2.602405961541583
8033,COLORADO,DOLORES,0,0.2353347135955831,0,0,1.0679112748673834,1.5089602882674529
8035,COLORADO,DOUGLAS,0,0.4518598475853285,1,0,5.575973373271629,-2.4843639073579773
8037,COLORADO,EAGLE,1,0.6378860672614962,1,0,3.0540957736696717,-0.7579147505128715
8039,COLORADO,ELBERT,0,0.236527419269873,1,0,3.6759945487058143,0.058315288503626175
8041,COLORADO,EL PASO,0,0.4274530092305418,1,0,1.934096435101471,-1.7772675284120962
8043,COLORADO,FREMONT,0,0.2883358766678405,0,2,0.3299361040541055,0.4201320864931121
8045,COLORADO,GARFIELD,1,0.4991910432306498,1,0,1.9777944859023198,-0.10524897930694148
8047,COLORADO,GILPIN,1,0.531055900621118,1,0,3.587647591998716,0.40940137328542264
8049,COLORADO,GRAND,0,0.4772036474164133,1,0,2.0953755876860565,0.10304495156743972
8051,COLORADO,GUNNISON,1,0.6373547810545129,1,0,1.9783239252302935,0.12846874542629313
8053,COLORADO,HINSDALE,0,0.4034810126582278,0,0,0.845435053509196,1.179330649802508
8055,COLORADO,HUERFANO,0,0.4711756695415343,0,2,-0.0030212787799894143,1.533415566817062
8057,COLORADO,JACKSON,0,0.1997716894977169,0,0,-0.004886767081122556,1.1976963315018467
8059,COLORADO,JEFFERSON,1,0.5787501523751981,1,0,3.699758617703901,-1.6697819471863702
8061,COLORADO,KIOWA,0,0.1085271317829457,0,2,-0.35056089460095724,2.3835636573267784
8063,COLORADO,KIT CARSON,0,0.1710152415396538,0,2,0.42721275579245005,1.5574280039740787
8065,COLORADO,LAKE,1,0.5814188336278717,0,0,1.452185907156995,0.15613836005992918
8067,COLORADO,LA PLATA,1,0.5761067653573331,1,0,2.2134472495587496,-0.41388415338145074
8069,COLORADO,LARIMER,1,0.5621874136347832,1,0,2.5939013351931726,-1.3207362446927464
8071,COLORADO,LAS ANIMAS,0,0.4392664238161035,0,2,-1.0318609543330068,0.4452468115574687
8073,COLORADO,LINCOLN,0,0.1772915880799698,0,2,0.029493354499104216,1.6379343929223669
8075,COLORADO,LOGAN,0,0.2105962780098746,0,2,0.23581850841036012,0.7394064784184916
8077,COLORADO,MESA,0,0.347991128080068,0,2,0.6506817116307961,-0.23720486766764534
8079,COLORADO,MINERAL,0,0.4193121693121693,1,0,1.6494600578091025,-0.5569400382599516
8081,COLORADO,MOFFAT,0,0.1712211784799316,0,2,-0.23942466069624646,0.9568877424348727
8083,COLORADO,MONTEZUMA,0,0.376516129032258,0,2,0.5052634530800064,0.2454527266038116
8085,COLORADO,MONTROSE,0,0.3084423401011155,0,2,0.5689738395256849,0.4084927286567151
8087,COLORADO,MORGAN,0,0.2820139697322468,0,2,0.3314073594206379,0.6388347024644591
8089,COLORADO,OTERO,0,0.3764619883040935,0,2,-1.0785693298357244,0.5657596111056935
8091,COLORADO,OURAY,1,0.5883084577114428,1,0,2.7036957993501747,0.36638398808797207
8093,COLORADO,PARK,0,0.3989097713774306,1,0,2.0592334970515895,0.15084313563110574
8095,COLORADO,PHILLIPS,0,0.1955734406438631,0,2,1.100794205019562,1.900504057507842
8097,COLORADO,PITKIN,1,0.7517772016392071,1,0,4.068416545214828,-0.8669109228255483
8099,COLORADO,PROWERS,0,0.2621830606006114,0,2,-0.5949978296455579,1.1992012460110322
8101,COLORADO,PUEBLO,1,0.495713525328139,0,2,-0.3718797153050194,-0.4807033582611979
8103,COLORADO,RIO BLANCO,0,0.1519913302628014,0,2,0.3519450467654553,1.0840423041873324
8105,COLORADO,RIO GRANDE,0,0.3957176843774782,0,2,-0.8778514960500523,0.5760721995560388
8107,COLORADO,ROUTT,1,0.62704432329936,1,0,2.8624419861978896,-0.3547190427844158
8109,COLORADO,SAGUACHE,1,0.5559161994688698,0,2,-1.1167007118893135,0.6723229722662756
8111,COLORADO,SAN JUAN,1,0.608540925266904,0,0,0.2669710548416404,1.4501843460664319
8113,COLORADO,SAN MIGUEL,1,0.7623858558383524,1,0,2.870532898274196,-0.004732355387276469
8115,COLORADO,SEDGWICK,0,0.2081604426002766,0,2,-1.1710251148189623,1.371970542073207
8117,COLORADO,SUMMIT,1,0.6835326586936522,1,0,3.4861773889478775,-0.5809853416809649
8119,COLORADO,TELLER,0,0.3115886415963162,0,0,1.7208062495720617,0.40780662483867436
8121,COLORADO,WASHINGTON,0,0.1226728723404255,0,2,0.5281093641542248,1.7428968888300926
8123,COLORADO,WELD,0,0.3956304574364871,1,0,1.6755178194014664,-0.6714731059762796
8125,COLORADO,YUMA,0,0.1575988757277655,0,2,0.3308007440163052,1.2545834959031485
9001,CONNECTICUT,FAIRFIELD,1,0.6297788296259917,1,0,3.230771192885672,-3.4582576360345336
9003,CONNECTICUT,HARTFORD,1,0.6306372069008492,1,0,2.020220116490386,-2.9807322752978274
9005,CONNECTICUT,LITCHFIELD,0,0.4664509410101912,1,0,2.5904039378658767,-0.9125878053006597
9007,CONNECTICUT,MIDDLESEX,1,0.5730760700820581,1,0,3.1521686562907325,-1.4211633682781866
9009,CONNECTICUT,NEW HAVEN,1,0.5804781534177227,1,0,1.5660511830470423,-2.5693545266557436
9011,CONNECTICUT,NEW LONDON,1,0.5691742356952523,1,0,2.2320714798496155,-1.5920226408458342
9013,CONNECTICUT,TOLLAND,1,0.5470054761255793,1,0,3.0615243072538467,-1.4768189339908881
9015,CONNECTICUT,WINDHAM,0,0.467853263725868,0,2,0.8685090346401201,-0.38136340569893107
10001,DELAWARE,KENT,1,0.5119448434357943,1,1,-0.13804539045992975,-1.8020843250921281
10003,DELAWARE,NEW CASTLE,1,0.6780654514607156,1,0,1.4845356740694262,-3.3215242318874867
10005,DELAWARE,SUSSEX,0,0.4381996412888861,1,0,1.1457726191011197,-1.0282164702091996
11001,DISTRICT OF COLUMBIA,DISTRICT OF COLUMBIA,1,0.9214969392140692,1,0,1.6777147698852242,-5.471054438173816
12001,FLORIDA,ALACHUA,1,0.629042663599899,1,0,0.28029519178618767,-2.625463323247351
12003,FLORIDA,BAKER,0,0.1448893946937904,0,2,0.011988194128983623,0.20231422387383727
12005,FLORIDA,BAY,0,0.2753482972136223,0,2,0.619855832075813,-0.7593134935943401
12007,FLORIDA,BRADFORD,0,0.2318075117370892,2,1,-1.5256073684695948,0.083276849432363
12009,FLORIDA,BREVARD,0,0.4117622600924704,1,0,1.25884917239086,-1.4314605747259064
12011,FLORIDA,BROWARD,1,0.646100126139221,1,0,0.5641466353527295,-3.389598032790201
12013,FLORIDA,CALHOUN,0,0.1852589641434263,0,2,-1.2530354760069256,0.9269730948545547
12015,FLORIDA,CHARLOTTE,0,0.3633574007220216,0,2,0.7811915185607419,-0.37882187085417024
12017,FLORIDA,CITRUS,0,0.290661745772895,0,2,-0.2592665449555673,-0.20327766478721454
12019,FLORIDA,CLAY,0,0.3080020899481532,1,0,1.182594907192934,-1.2469641109518446
12021,FLORIDA,COLLIER,0,0.3735047012289599,1,0,1.988944073106231,-1.2227806623389623
12023,FLORIDA,COLUMBIA,0,0.2697778584831427,2,2,-1.3159848788638113,-0.6389148465092797
12027,FLORIDA,DESOTO,0,0.336440477130895,2,2,-2.5179960697067174,-0.008291103481725967
12029,FLORIDA,DIXIE,0,0.1671360352638667,0,2,-0.9554029465494901,1.1253746708397006
12031,FLORIDA,DUVAL,1,0.5124710847774036,1,1,0.2495934736493989,-3.117213513855861
12033,FLORIDA,ESCAMBIA,0,0.4163184091282605,1,1,-0.01678437650683913,-1.9515097205825003
12035,FLORIDA,FLAGLER,0,0.3926738803056501,0,0,0.9639329309940006,-0.7014593090976959
12037,FLORIDA,FRANKLIN,0,0.3095342385749745,0,2,-1.188402035510809,-0.011531894323365311
12039,FLORIDA,GADSDEN,1,0.6797828465617373,2,1,-2.749407895478081,-2.306944501875085
12041,FLORIDA,GILCHRIST,0,0.1755291688177594,0,2,-0.31525521625273867,1.2359555018878383
12043,FLORIDA,GLADES,0,0.2667051800500674,2,2,-2.108125335330683,0.025790746193979492
12045,FLORIDA,GULF,0,0.2431704030380987,0,2,0.13587765366746857,0.17404960995341254
12047,FLORIDA,HAMILTON,0,0.3367066895368782,2,1,-3.2807709759688364,-0.958721237296558
12049,FLORIDA,HARDEE,0,0.2708308780200353,2,2,-2.2710292659402107,0.14328785159787466
12051,FLORIDA,HENDRY,0,0.3809119010819165,2,2,-2.6552496949879973,-0.045951952120622815
12053,FLORIDA,HERNANDO,0,0.3444575016984631,0,2,-0.1187423541926171,-0.3401898525722202
12055,FLORIDA,HIGHLANDS,0,0.3246693502012651,0,2,-1.0009511121480357,-0.6035807166534753
12057,FLORIDA,HILLSBOROUGH,1,0.5285585685536252,1,0,0.9989478294320899,-2.6857917943383014
12059,FLORIDA,HOLMES,0,0.1018967798853109,0,2,-1.4758138975905966,0.9195789788207354
12061,FLORIDA,INDIAN RIVER,0,0.3882072955561938,1,0,1.0022055713311584,-0.8417146612965163
12063,FLORIDA,JACKSON,0,0.3017975824077791,2,1,-1.6383695639524716,-0.5575546654153478
12065,FLORIDA,JEFFERSON,0,0.4611288604898828,2,1,-1.1909206646693746,-0.9759028394396942
12067,FLORIDA,LAFAYETTE,0,0.1394204483324221,2,2,-1.9213787050463202,0.2119911762158455
12069,FLORIDA,LAKE,0,0.3951702206195519,1,2,0.5910109931313104,-1.1258311653474804
12071,FLORIDA,LEE,0,0.4003437429391798,1,0,1.153991577161039,-1.2729960208700826
12073,FLORIDA,LEON,1,0.6353503673379202,1,1,-0.15862927139297064,-3.0133836798068243
12075,FLORIDA,LEVY,0,0.2680924605746381,0,2,-1.3527423553205622,0.33165568499281844
12077,FLORIDA,LIBERTY,0,0.1948890761022184,2,2,-1.9750956143871,0.3518402879399979
12079,FLORIDA,MADISON,0,0.3994669509594882,2,1,-2.9886663596756304,-0.9528032768706375
12081,FLORIDA,MANATEE,0,0.4155919578904672,1,0,1.1915092767830566,-1.2103236239984065
12083,FLORIDA,MARION,0,0.366275883665401,0,1,-0.42643992248667273,-1.0044426975898546
12085,FLORIDA,MARTIN,0,0.3736908210603083,1,0,1.7495288614516955,-0.7450256516835078
12086,FLORIDA,MIAMI-DADE,1,0.5341074120689894,1,0,0.361125522428877,-2.371862903062342
12087,FLORIDA,MONROE,0,0.4555789210685211,1,0,2.026755686812089,-0.6473616118275216
12089,FLORIDA,NASSAU,0,0.2646443692506504,1,0,1.7137597642661984,-0.3679824845783571
12091,FLORIDA,OKALOOSA,0,0.2942950684437111,1,0,1.5009164616375967,-1.2464500805073617
12093,FLORIDA,OKEECHOBEE,0,0.2751661025448163,0,2,-0.8104877979438595,0.28432444879514895
12095,FLORIDA,ORANGE,1,0.6101516366158328,1,0,0.8607319997348875,-3.2324560676274974
12097,FLORIDA,OSCEOLA,1,0.5642499246097102,1,1,0.12014682918278377,-1.5397369955325138
12099,FLORIDA,PALM BEACH,1,0.5607805907718733,1,0,1.3111469084148735,-2.7046020864611866
12101,FLORIDA,PASCO,0,0.3943206278769414,1,2,0.6954298048543737,-1.0436370431181958
12103,FLORIDA,PINELLAS,1,0.4956987038046148,1,0,1.377260268413487,-1.8358355687426045
12105,FLORIDA,POLK,0,0.4225679958981052,0,1,-0.1403718784406702,-1.3866207364488012
12107,FLORIDA,PUTNAM,0,0.2894179748714706,2,2,-2.139570729957073,-0.4844947656041661
12109,FLORIDA,ST. JOHNS,0,0.3615064940947334,1,0,2.978701160975349,-1.5644276729600808
12111,FLORIDA,ST. LUCIE,0,0.4886884398468946,1,1,0.026876208217875147,-1.531185346409041
12113,FLORIDA,SANTA ROSA,0,0.258229836899596,1,0,1.4355035494991468,-0.7638575512837407
12115,FLORIDA,SARASOTA,0,0.4439064954264067,1,0,2.3303869749748047,-1.0040464459300429
12117,FLORIDA,SEMINOLE,1,0.5081302839177194,1,0,2.1565571384221958,-2.353886419989412
12119,FLORIDA,SUMTER,0,0.3172514461804617,1,0,1.7929455121526983,-0.5892415367118764
12121,FLORIDA,SUWANNEE,0,0.2129933038894429,0,2,-0.6591314210131172,0.16777809690583056
12123,FLORIDA,TAYLOR,0,0.2270168855534709,2,2,-2.087383673479591,-0.0940098615913751
12125,FLORIDA,UNION,0,0.1686148919135308,0,2,-0.37043805713538697,0.3247969170686528
12127,FLORIDA,VOLUSIA,0,0.4247183994223244,1,2,0.5341221488817355,-1.0868803166687948
12129,FLORIDA,WAKULLA,0,0.2907520104325147,0,2,0.9948234229239842,0.18755373333757092
12131,FLORIDA,WALTON,0,0.2365079728214865,0,0,1.2689540143350755,-0.2883124994206423
12133,FLORIDA,WASHINGTON,0,0.1903950677374868,2,2,-1.9937130841815838,0.19767576887193564
13001,GEORGIA,APPLING,0,0.2132837789233904,2,1,-2.174690307920662,0.4123588057193893
13003,GEORGIA,ATKINSON,0,0.2614896988906497,2,2,-3.0240205103339113,0.292207269296319
13005,GEORGIA,BACON,0,0.1338903170522707,2,1,-2.2742664805036785,0.7187491173821048
13007,GEORGIA,BAKER,0,0.4192926045016077,2,1,-3.454870132046065,-2.3460415046052137
13009,GEORGIA,BALDWIN,1,0.500794477014958,2,1,-2.299263353861909,-2.1876272229346747
13011,GEORGIA,BANKS,0,0.1058970571525963,0,2,0.04342848839636512,1.0447257295058814
13013,GEORGIA,BARROW,0,0.2756520133962712,0,2,0.5832044800444013,-0.9197404244376849
13015,GEORGIA,BARTOW,0,0.2396021162343709,0,2,0.20184720925546623,-0.3808186223610929
13017,GEORGIA,BEN HILL,0,0.3646341463414634,2,1,-3.661144898818062,-0.8839352515028062
13019,GEORGIA,BERRIEN,0,0.1638899651297946,0,2,-1.6707054596448079,0.4507502241060086
13021,GEORGIA,BIBB,1,0.6139374593938024,2,1,-2.908368779687344,-3.404936372883093
13023,GEORGIA,BLECKLEY,0,0.2297581493165089,2,2,-1.7348020989308386,-0.3653107123017141
13025,GEORGIA,BRANTLEY,0,0.0902401239349341,0,2,-1.4340569278547814,1.4139614243342213
13027,GEORGIA,BROOKS,0,0.3929577464788732,2,1,-2.837326798782755,-1.0732044943318806
13029,GEORGIA,BRYAN,0,0.3157919400187441,1,0,0.935603841021405,-1.013083119583508
13031,GEORGIA,BULLOCH,0,0.3737202499667597,2,1,-1.7958603549773855,-1.7549747666522213
13033,GEORGIA,BURKE,0,0.4875514788468738,2,1,-2.388915232459114,-1.4594470851227193
13035,GEORGIA,BUTTS,0,0.2781411944609633,2,1,-1.8381197412106798,-0.45734061145944754
13037,GEORGIA,CALHOUN,1,0.5742935278030994,2,1,-4.024517113268473,-2.535767379270927
13039,GEORGIA,CAMDEN,0,0.3363306315433975,0,1,-0.2107328554991443,-0.896738331009866
13043,GEORGIA,CANDLER,0,0.2863913337846987,2,1,-2.6876914472219813,-0.04430116934347695
13045,GEORGIA,CARROLL,0,0.2980871608473767,0,1,-0.4916439764916124,-1.0159715142995147
13047,GEORGIA,CATOOSA,0,0.21268370509005,0,2,1.2109275041151977,0.42408830052231344
13049,GEORGIA,CHARLTON,0,0.2415681121331581,2,1,-3.348092580085332,-1.2366883261874613
13051,GEORGIA,CHATHAM,1,0.5865237595562884,2,1,-0.4746307238270565,-3.2700181163871216
13053,GEORGIA,CHATTAHOOCHEE,0,0.4216182048040455,0,2,-0.6989621908808681,-0.27245572680479613
13055,GEORGIA,CHATTOOGA,0,0.1844776119402985,0,2,-1.584606296689456,0.8218157452880147
13057,GEORGIA,CHEROKEE,0,0.2954774563281088,1,0,2.7295242035969904,-1.1190705427855963
13059,GEORGIA,CLARKE,1,0.7022383262228975,2,1,-1.1292961266975203,-2.41961628928483
13061,GEORGIA,CLAY,1,0.5509065550906556,2,1,-5.036000304442575,-2.1100015445857245
13063,GEORGIA,CLAYTON,1,0.8498540197963398,2,1,-2.615328825033108,-5.005579705132864
13065,GEORGIA,CLINCH,0,0.2608240223463687,2,1,-2.949836319859286,0.21478815469635562
13067,GEORGIA,COBB,1,0.563424136372179,1,0,2.338466116895066,-3.831300621613965
13069,GEORGIA,COFFEE,0,0.29650322071776,2,1,-1.7883114933793254,-0.5494251772911872
13071,GEORGIA,COLQUITT,0,0.2603370018031462,2,1,-2.7608349336823834,-0.9092200347030909
13073,GEORGIA,COLUMBIA,0,0.3628240608595292,1,0,2.2355703401650993,-1.9893509454728067
13075,GEORGIA,COOK,0,0.2926794598436389,2,1,-1.9362568160817615,-0.3096408780377182
13077,GEORGIA,COWETA,0,0.315238479667704,1,0,1.8060674182430847,-1.4372258160410478
13079,GEORGIA,CRAWFORD,0,0.2646673221894461,2,2,-2.0063355296036773,-0.08548504119564262
13081,GEORGIA,CRISP,0,0.3714392337355392,2,1,-4.5102039028446566,-2.0777706092224575
13083,GEORGIA,DADE,0,0.1696260425073984,0,2,-0.14720418585630957,1.2646849767927373
13085,GEORGIA,DAWSON,0,0.1545923760960139,0,0,1.7646629575587278,0.26761590626992676
13087,GEORGIA,DECATUR,0,0.4111120667412058,2,1,-2.9683190202609167,-1.4918204921081522
13089,GEORGIA,DEKALB,1,0.8312396845772969,1,0,0.12774738563030733,-5.37191474549682
13091,GEORGIA,DODGE,0,0.2690210656753408,2,1,-1.7279332271140488,-0.39979369613921834
13093,GEORGIA,DOOLY,0,0.4655298416565164,2,1,-3.316667162406464,-1.959224046241463
13095,GEORGIA,DOUGHERTY,1,0.6960154059641471,2,1,-4.348630895115617,-4.155666445132164
13097,GEORGIA,DOUGLAS,1,0.6195493292038728,2,1,-0.6099296938020751,-3.1509033318054995
13099,GEORGIA,EARLY,0,0.4698284171968382,2,1,-4.537900458330468,-1.8784259731654833
13101,GEORGIA,ECHOLS,0,0.1158917418459403,0,2,-1.8381720603306184,1.1914147659054293
13103,GEORGIA,EFFINGHAM,0,0.244535951853025,0,2,0.760197286391319,-0.425743140360868
13105,GEORGIA,ELBERT,0,0.3139243266819321,2,1,-2.8488479533184923,-0.6443753265931679
13107,GEORGIA,EMANUEL,0,0.3035469950531523,2,1,-3.1369067866963407,-0.8929068291976856
13109,GEORGIA,EVANS,0,0.3117494702142689,2,1,-2.5776540481387546,-0.9849677818310056
13111,GEORGIA,FANNIN,0,0.1731313131313131,0,2,0.29871256415981945,0.9319415911138363
13113,GEORGIA,FAYETTE,0,0.4592807634075535,1,0,3.0033382078797626,-2.77567374902682
13115,GEORGIA,FLOYD,0,0.2883211678832116,0,2,-0.6150379905472841,-0.5736454488275566
13117,GEORGIA,FORSYTH,0,0.3263833571787634,1,0,5.430033559353251,-3.9651375732886236
13119,GEORGIA,FRANKLIN,0,0.1479795633999071,0,2,-0.8962380585649837,0.4342908267151291
13121,GEORGIA,FULTON,1,0.726460424771137,1,0,1.459742715517696,-5.3186781875138145
13123,GEORGIA,GILMER,0,0.1774281391830559,0,2,0.5571074859857651,0.8353211381597554
13125,GEORGIA,GLASCOCK,0,0.098978288633461,0,2,-0.8448161779220232,1.882765468686791
13127,GEORGIA,GLYNN,0,0.3782155106707317,0,1,-0.21707676089370237,-1.4852019447598153
13129,GEORGIA,GORDON,0,0.1824158448799567,0,2,-0.18716069634012772,0.4783799894936252
13131,GEORGIA,GRADY,0,0.3380031754926683,2,1,-1.3607647476989229,-0.4773825436543032
13133,GEORGIA,GREENE,0,0.3634747043656086,2,1,-0.5180462412467111,-1.5238796249492619
13135,GEORGIA,GWINNETT,1,0.5843137254901961,1,0,1.8558921286652188,-4.767740892769401
13137,GEORGIA,HABERSHAM,0,0.1743833202819107,0,2,0.6642410345248476,0.38165255835532474
13139,GEORGIA,HALL,0,0.2765153607370502,0,2,0.8326407244334583,-0.6165677971405613
13141,GEORGIA,HANCOCK,1,0.7166866746698679,2,1,-3.524977187036116,-2.3071868179799626
13143,GEORGIA,HARALSON,0,0.1257720381807973,0,2,0.14578088620485966,0.8272816819455215
13145,GEORGIA,HARRIS,0,0.2729728377769996,1,0,1.5699347508856942,-0.8272595629267125
13147,GEORGIA,HART,0,0.2480553154710458,0,2,-0.906016106143262,-0.18876754988926162
13149,GEORGIA,HEARD,0,0.1528473381561862,0,2,-1.5246030035766012,0.6622949424647662
13151,GEORGIA,HENRY,1,0.596992064655945,1,1,0.07821085091719746,-3.378169704563761
13153,GEORGIA,HOUSTON,0,0.4307766328535343,1,1,0.3859736920142052,-2.4308955222995055
13155,GEORGIA,IRWIN,0,0.2418426103646833,2,1,-3.1105521537402883,-0.8948489754638117
13157,GEORGIA,JACKSON,0,0.2028670029200955,0,0,1.2534681556616716,-0.16637475551318476
13159,GEORGIA,JASPER,0,0.2303767660910518,0,1,-1.0171052726946879,0.15276341390327583
13161,GEORGIA,JEFF DAVIS,0,0.1781320395078842,2,2,-2.0704448796738704,0.47075076835794044
13163,GEORGIA,JEFFERSON,1,0.5314053912588328,2,1,-3.5242437395570856,-1.7131888137909146
13165,GEORGIA,JENKINS,0,0.3664254703328509,2,1,-4.1352612426844555,-0.2762586041932187
13167,GEORGIA,JOHNSON,0,0.2980487804878048,2,1,-3.5995052077038663,-0.8965646383019675
13169,GEORGIA,JONES,0,0.3266069758118401,0,2,0.017919693270164908,-0.5083387569456033
13171,GEORGIA,LAMAR,0,0.2893019139285319,2,2,-1.7072378454757304,-0.691820177555449
13173,GEORGIA,LANIER,0,0.2849552572706935,2,1,-2.451229855398523,0.1054824976746885
13175,GEORGIA,LAURENS,0,0.3551850059395486,2,1,-2.647418123154749,-1.4346519026028095
13177,GEORGIA,LEE,0,0.2727055163336125,0,2,0.49247225361415464,-0.9892251871854392
13179,GEORGIA,LIBERTY,1,0.6124175978306606,2,1,-1.8926569161870168,-2.348784015319313
13181,GEORGIA,LINCOLN,0,0.3086021505376344,2,1,-2.002873110808278,-0.01966829026286455
13183,GEORGIA,LONG,0,0.3594413012729844,2,1,-2.6636984788659097,-1.271867765471313
13185,GEORGIA,LOWNDES,0,0.433976917268903,2,1,-1.8057753715688114,-2.039988531842328
13187,GEORGIA,LUMPKIN,0,0.2012748696156075,0,2,0.6054555656051186,0.5250159870236607
13189,GEORGIA,MCDUFFIE,0,0.3986609277857484,2,1,-2.3476682974915564,-1.345058283728918
13191,GEORGIA,MCINTOSH,0,0.3900836320191159,2,1,-0.8821220352548724,-0.9842576549502495
13193,GEORGIA,MACON,1,0.6128271128271128,2,1,-4.746571314512516,-2.4164382975729324
13195,GEORGIA,MADISON,0,0.2283591082546696,0,2,-0.8738719374282617,0.014343777588089737
13197,GEORGIA,MARION,0,0.3617549668874172,2,2,-1.6023771158521012,-0.7029494438065605
13199,GEORGIA,MERIWETHER,0,0.3941344120621495,2,1,-2.741640605492848,-0.9624688959608096
13201,GEORGIA,MILLER,0,0.2641975308641975,2,1,-2.0520794267245264,-0.45898507120359744
13205,GEORGIA,MITCHELL,0,0.4457212986723195,2,1,-3.98472449141543,-2.0414389239056416
13207,GEORGIA,MONROE,0,0.2811698306824012,0,2,0.012220973406208823,-0.5719658991635799
13209,GEORGIA,MONTGOMERY,0,0.2468482097831568,2,2,-1.8840653633468754,-0.3770431284472265
13211,GEORGIA,MORGAN,0,0.2865806782267019,0,1,0.7540867010210757,-0.2966521415581807
13213,GEORGIA,MURRAY,0,0.1495873676002339,0,2,-0.625240016147467,0.9612136174729057
13215,GEORGIA,MUSCOGEE,1,0.6149386042238307,2,1,-2.040096572429501,-3.357024570077057
13217,GEORGIA,NEWTON,1,0.5493095374177253,2,1,-1.3667787938992744,-2.514182326527346
13219,GEORGIA,OCONEE,0,0.3243006993006993,1,0,3.773263404301339,-1.144407702051492
13221,GEORGIA,OGLETHORPE,0,0.2995941458615176,0,2,-0.4242385038827449,0.19804259119557388
13223,GEORGIA,PAULDING,0,0.3478831176436142,1,1,1.1539311654978466,-1.113868013739419
13225,GEORGIA,PEACH,0,0.4719011558389797,2,1,-2.636480118970438,-2.317357157133242
13227,GEORGIA,PICKENS,0,0.1640570226688478,0,2,0.9466173380546379,0.3856384971676888
13229,GEORGIA,PIERCE,0,0.1215738284703801,0,2,-1.056625103516214,0.721347071772551
13231,GEORGIA,PIKE,0,0.1403917910447761,0,2,0.6812599053479943,0.48856401445992603
13233,GEORGIA,POLK,0,0.2102419679291913,0,2,-1.174654561236676,0.19873926284501042
13235,GEORGIA,PULASKI,0,0.2998275437299827,2,1,-2.2101516582614043,-0.7549848588457656
13237,GEORGIA,PUTNAM,0,0.2908477435681147,0,1,-0.7903280636309875,-0.5375909218316322
13239,GEORGIA,QUITMAN,0,0.4493670886075949,2,1,-4.743095578009921,-3.289206076063929
13241,GEORGIA,RABUN,0,0.2073578595317725,0,0,0.019510111246892815,0.5149121914551524
13243,GEORGIA,RANDOLPH,1,0.5435914118412492,2,1,-5.2187738779839785,-2.336098037217051
13245,GEORGIA,RICHMOND,1,0.6794612485060219,2,1,-3.0289252488050393,-3.7024726906047727
13247,GEORGIA,ROCKDALE,1,0.6991899028778589,2,1,-1.1881752496580453,-3.4661743000137277
13249,GEORGIA,SCHLEY,0,0.203076923076923,2,2,-2.064685224360828,-0.13574970521311333
13251,GEORGIA,SCREVEN,0,0.4014785757392878,2,1,-2.644849817635583,-1.1364820653901184
13253,GEORGIA,SEMINOLE,0,0.3228630278063851,2,1,-2.8925789166861238,-0.6388278595034482
13255,GEORGIA,SPALDING,0,0.3912870235090981,2,1,-1.31153954812728,-1.2686531456254286
13257,GEORGIA,STEPHENS,0,0.2006731173748422,0,2,-0.7057817686720939,0.2656319982433583
13259,GEORGIA,STEWART,1,0.5939698492462312,2,1,-3.904008196399659,-2.9202321340168287
13261,GEORGIA,SUMTER,1,0.52,2,1,-3.203395420874173,-2.3159389928809224
13263,GEORGIA,TALBOT,1,0.6002271436683703,2,1,-3.0806757114095333,-1.6972301796676386
13265,GEORGIA,TALIAFERRO,1,0.6045258620689655,2,1,-4.191306315064183,-1.0304131129915908
13267,GEORGIA,TATTNALL,0,0.2518636196993767,2,1,-1.9049358381994526,-0.7710935666438516
13269,GEORGIA,TAYLOR,0,0.361292003125814,2,1,-3.3915760507363046,-1.0435791011216464
13271,GEORGIA,TELFAIR,0,0.3431802446342026,2,1,-2.7567102272965,-0.40743993479375445
13273,GEORGIA,TERRELL,1,0.5380434782608695,2,1,-4.5467536779579225,-2.506439008169062
13275,GEORGIA,THOMAS,0,0.3984807577906923,2,1,-1.5909414933323476,-1.4931449080192227
13277,GEORGIA,TIFT,0,0.3268439476754898,2,1,-1.5801856191210066,-0.8054581218420743
13279,GEORGIA,TOOMBS,0,0.269287154113982,2,1,-2.229108702413276,-0.7614057390734454
13281,GEORGIA,TOWNS,0,0.1942599323223461,0,0,0.8776985444878422,0.8493849544291434
13283,GEORGIA,TREUTLEN,0,0.3093922651933701,2,1,-3.729587119658484,-0.3624362065859027
13285,GEORGIA,TROUP,0,0.3853040034610137,2,1,-1.7073761125515128,-1.8187510126715194
13287,GEORGIA,TURNER,0,0.3718354430379746,2,1,-3.904933872995269,-0.9697833095391445
13289,GEORGIA,TWIGGS,0,0.4599459945994599,2,1,-2.134429771717848,-0.5557532495606119
13291,GEORGIA,UNION,0,0.180012853470437,0,2,0.18364187744113963,0.8801038571736155
13293,GEORGIA,UPSON,0,0.3255327392483533,2,1,-1.9425505812807005,-0.30334633364496055
13295,GEORGIA,WALKER,0,0.1965319888260543,0,2,-0.36472884393360644,0.31208821772049
13297,GEORGIA,WALTON,0,0.2482043252764458,0,2,0.41457622488230295,-0.854941289332438
13299,GEORGIA,WARE,0,0.2967164599774521,2,1,-2.113679963388147,-0.7527245345526999
13301,GEORGIA,WARREN,1,0.5541305167861185,2,1,-3.7723700431588965,-1.7016908338560046
13303,GEORGIA,WASHINGTON,1,0.5000528597103288,2,1,-2.932799039277549,-1.7976462489663365
13305,GEORGIA,WAYNE,0,0.2102832994208796,0,1,-1.2944209090589494,-0.04078042323177151
13307,GEORGIA,WEBSTER,0,0.4597122302158273,2,1,-3.612702047041446,-0.20062353980923947
13309,GEORGIA,WHEELER,0,0.3015317286652079,2,1,-4.083602619119211,-0.656365492197997
13311,GEORGIA,WHITE,0,0.1627294816414687,0,2,0.7125404155508944,0.9102044315514128
13313,GEORGIA,WHITFIELD,0,0.290371741141893,0,2,-0.4011182389220534,0.05582389447531341
13315,GEORGIA,WILCOX,0,0.2627247790307833,2,1,-2.577139377824198,-0.3894672387706051
13317,GEORGIA,WILKES,0,0.4295088486776695,2,1,-2.7012212293780955,-0.5293675355063894
13319,GEORGIA,WILKINSON,0,0.4350104821802935,2,1,-3.499138277869995,-0.7958670389459415
13321,GEORGIA,WORTH,0,0.2579429186860528,2,1,-1.889411729888322,-0.5537866134189686
15001,HAWAII,HAWAII,1,0.6688113512651741,1,0,1.9017893645077282,-5.603237764252321
15003,HAWAII,HONOLULU,1,0.6251367435920252,1,0,5.2664197571764975,-9.692097841524015
15007,HAWAII,KAUAI,1,0.6336388333283578,1,0,3.978434951687576,-6.645141561011437
15009,HAWAII,MAUI,1,0.6658549631214459,1,0,3.5518650059968286,-6.502002507195605
16001,IDAHO,ADA,0,0.4647035919025093,1,0,2.5177912337593304,-1.033975760913606
16003,IDAHO,ADAMS,0,0.228538283062645,0,2,-1.2389075540171437,0.8792956613830211
16005,IDAHO,BANNOCK,0,0.3711981392056228,0,2,0.4789430086374183,-0.041423334491773406
16007,IDAHO,BEAR LAKE,0,0.1055806938159879,0,2,-0.015242699856994581,1.5446810510730042
16009,IDAHO,BENEWAH,0,0.1964608887995174,0,2,-0.4990876680944,1.0064019693640505
16011,IDAHO,BINGHAM,0,0.2062412482496499,0,2,0.25391607250878234,0.34457169556541484
16013,IDAHO,BLAINE,1,0.6711565956806381,0,0,1.859243838054531,0.3969141624046604
16015,IDAHO,BOISE,0,0.2497925311203319,0,0,1.0500096194736337,1.1459848261354582
16017,IDAHO,BONNER,0,0.3040058533016279,0,2,0.8020040111925636,0.6041146446605994
16019,IDAHO,BONNEVILLE,0,0.2639874062413186,0,0,1.3596010286480271,0.0783996655155418
16021,IDAHO,BOUNDARY,0,0.1932520196420085,0,2,-0.4155347612850015,1.2889529357483804
16023,IDAHO,BUTTE,0,0.1328621908127208,0,2,-1.0159753270202245,2.1343029582373236
16025,IDAHO,CAMAS,0,0.1976127320954907,0,2,-0.10279061053831315,2.4530276447167636
16027,IDAHO,CANYON,0,0.2862625815728348,0,2,0.42999563305707705,-0.16536785605146667
16029,IDAHO,CARIBOU,0,0.1261709601873536,0,2,0.6491526078392043,1.6237292488463066
16031,IDAHO,CASSIA,0,0.1520407103541385,0,2,0.37288476047902963,1.0553637339646806
16033,IDAHO,CLARK,0,0.1318327974276527,0,2,-0.6462030256624607,2.2838573432582034
16035,IDAHO,CLEARWATER,0,0.1984611903145508,0,2,-0.29359686750050135,1.2579028244653252
16037,IDAHO,CUSTER,0,0.2201533406352683,0,2,-0.100947506554028,1.127480504888065
16039,IDAHO,ELMORE,0,0.254875061244488,0,2,-0.18153468349185448,0.25113896865319185
16041,IDAHO,FRANKLIN,0,0.0985894357743097,0,2,1.0358926691385748,1.7327824464599157
16043,IDAHO,FREMONT,0,0.1485340080369102,0,2,-0.011718474943295922,1.0278550199092695
16045,IDAHO,GEM,0,0.1810604539064069,0,2,0.2951918712940109,1.0547635923323688
16047,IDAHO,GOODING,0,0.2076033057851239,0,2,-0.6324354780598176,0.8440557331512418
16049,IDAHO,IDAHO,0,0.1625702978546136,0,2,0.18003978318693864,1.1456656430670242
16051,IDAHO,JEFFERSON,0,0.1171946659140619,0,2,1.249668755296074,0.8021936887094797
16053,IDAHO,JEROME,0,0.2423195084485407,0,2,-0.3827673515920628,0.8594985736159523
16055,IDAHO,KOOTENAI,0,0.2717426537158952,0,0,1.356228882990653,0.09614217064749733
16057,IDAHO,LATAH,1,0.4976178901312591,0,0,0.646850758502961,-0.1350401714663862
16059,IDAHO,LEMHI,0,0.2178134233853947,0,2,-0.04752710232256211,1.4723270636560455
16061,IDAHO,LEWIS,0,0.1866310160427807,0,2,-0.6766813791070361,1.1560082814375685
16063,IDAHO,LINCOLN,0,0.2134020618556701,0,2,-0.2088738347518139,1.6705274659867069
16065,IDAHO,MADISON,0,0.1557971014492753,0,2,-1.2587430655258407,0.1347776288528283
16067,IDAHO,MINIDOKA,0,0.1939196797197548,0,2,-0.38018991350050324,1.0691227321336605
16069,IDAHO,NEZ PERCE,0,0.3188820527495588,0,2,0.8004667664493749,0.5769397231182222
16071,IDAHO,ONEIDA,0,0.1015911872705018,0,2,0.7793215499146836,2.035394626911233
16073,IDAHO,OWYHEE,0,0.1720792914382117,0,2,-0.36525917664827634,1.2183183046049901
16075,IDAHO,PAYETTE,0,0.1913574780837687,0,2,0.009459027775529918,0.7843445964591375
16077,IDAHO,POWER,0,0.2813923227065712,0,2,-0.5096705017270412,1.0876687092460025
16079,IDAHO,SHOSHONE,0,0.2798809720614977,0,2,-1.396624501932611,1.2024759354390169
16081,IDAHO,TETON,1,0.5227666614148416,0,0,2.010956063160368,0.33005300476324106
16083,IDAHO,TWIN FALLS,0,0.2572806224487,0,2,0.6981769661651901,0.30818639134685
16085,IDAHO,VALLEY,0,0.4213507008353391,0,0,2.0986866376696547,1.3216064593450725
16087,IDAHO,WASHINGTON,0,0.2007859281437125,0,2,-0.4600281735183826,1.0994228447959575
17001,ILLINOIS,ADAMS,0,0.2574939600918662,0,2,0.74173654937132,0.3677742415408803
17003,ILLINOIS,ALEXANDER,0,0.4255156608097785,2,1,-3.6288696271687018,-0.4811163183915769
17005,ILLINOIS,BOND,0,0.2809085328422345,0,2,0.5001473669152335,0.9678113989193691
17007,ILLINOIS,BOONE,0,0.4220345089875495,0,2,0.9012891377226685,-0.20341895908022398
17009,ILLINOIS,BROWN,0,0.192780642602142,0,2,0.07000911907686515,0.76819608341985
17011,ILLINOIS,BUREAU,0,0.3825283927956865,0,2,0.4629841387944473,0.6994322607021984
17013,ILLINOIS,CALHOUN,0,0.2442279942279942,0,2,0.8256969346783993,1.453040030674733
17015,ILLINOIS,CARROLL,0,0.3424725822532403,0,2,0.2741803708732484,1.0224485050072976
17017,ILLINOIS,CASS,0,0.3037427120556705,0,2,-0.5835073914837373,0.8633948539236078
17019,ILLINOIS,CHAMPAIGN,1,0.5998087069853482,1,0,1.1108723971494747,-2.9642144119464398
17021,ILLINOIS,CHRISTIAN,0,0.2675265366576154,0,2,0.6614042359903074,1.1081589430159575
17023,ILLINOIS,CLARK,0,0.2385112494016275,0,2,1.0021451044866572,1.2091597357802606
17025,ILLINOIS,CLAY,0,0.163955852454255,0,2,-0.40673195261579487,1.1969719009439446
17027,ILLINOIS,CLINTON,0,0.234376630151278,0,2,1.494356093914455,0.7058897989662505
17029,ILLINOIS,COLES,0,0.3568521631425285,0,2,-0.5286540008002062,0.15146902015546804
17031,ILLINOIS,COOK,1,0.7434776690447412,1,0,1.3262796822139251,-4.595890382346218
17033,ILLINOIS,CRAWFORD,0,0.2336339522546419,0,2,0.2286325829234423,1.1261998986462727
17035,ILLINOIS,CUMBERLAND,0,0.1958161865569272,0,2,0.8459637422869651,1.5553921029208782
17037,ILLINOIS,DEKALB,1,0.5152744380554104,0,2,0.4121141327264492,-0.8447315734665031
17039,ILLINOIS,DE WITT,0,0.2730558325024925,0,2,0.6092084454342716,1.1759510631537433
17041,ILLINOIS,DOUGLAS,0,0.2672236209658961,0,2,0.8439626607157464,1.132673068314492
17043,ILLINOIS,DUPAGE,1,0.5797148652660048,1,0,4.492361486906768,-3.945861062569534
17045,ILLINOIS,EDGAR,0,0.2302342606149341,0,2,0.2497238848912028,1.280382813788127
17047,ILLINOIS,EDWARDS,0,0.1449792038027332,0,2,-0.45613056989989764,1.3789025257474397
17049,ILLINOIS,EFFINGHAM,0,0.1950758570003674,0,2,1.1378391451274992,1.0105917836867522
17051,ILLINOIS,FAYETTE,0,0.1815831344470962,0,2,-0.5125590174420492,1.1879342489630342
17053,ILLINOIS,FORD,0,0.252265209262189,0,2,0.26669512867311684,1.114007484784705
17055,ILLINOIS,FRANKLIN,0,0.2555567486309459,0,2,-0.8791210351873883,0.7578932882769567
17057,ILLINOIS,FULTON,0,0.3899148578966303,0,2,-0.20160305631776387,0.6073143686775373
17059,ILLINOIS,GALLATIN,0,0.2326103216155572,0,2,-1.9316575029677132,1.3760702423901763
17061,ILLINOIS,GREENE,0,0.2166372249879556,0,2,0.23268346506657803,1.5925398261503276
17063,ILLINOIS,GRUNDY,0,0.3606459106065715,0,2,1.8113861377632852,0.3113767380330893
17065,ILLINOIS,HAMILTON,0,0.1909617612977983,0,2,0.49742761950166703,1.3692019083390177
17067,ILLINOIS,HANCOCK,0,0.2467227965469466,0,2,0.3582622299954086,0.9434168648583591
17069,ILLINOIS,HARDIN,0,0.2076780758556891,0,2,-0.6182762083608468,1.7041709392014825
17071,ILLINOIS,HENDERSON,0,0.3254729914998629,0,2,0.37111095459299426,1.347777652290574
17073,ILLINOIS,HENRY,0,0.3821728106104934,0,2,0.9558130467916379,0.5544845156856647
17075,ILLINOIS,IROQUOIS,0,0.2073440285204991,0,2,0.10185424607862746,0.9141927410507894
17077,ILLINOIS,JACKSON,1,0.4937949918297045,2,2,-1.3282168090578201,-1.4041610876881547
17079,ILLINOIS,JASPER,0,0.1805954088952654,0,2,0.3395832151759232,1.4431184775908572
17081,ILLINOIS,JEFFERSON,0,0.2647667202941852,0,2,-0.3753012805789175,0.19595665417711655
17083,ILLINOIS,JERSEY,0,0.2480522744408142,0,2,1.423994510242166,0.8862197257710975
17085,ILLINOIS,JO DAVIESS,0,0.4088508322663252,0,2,1.4739813140814302,1.0248626194741228
17087,ILLINOIS,JOHNSON,0,0.1990057480192636,0,2,0.15914006306858325,0.9154405153589068
17089,ILLINOIS,KANE,1,0.561360382273284,1,0,2.313705632544004,-2.094812704349272
17091,ILLINOIS,KANKAKEE,0,0.4062161837200914,0,2,0.039073135035242665,-0.5827724259743552
17093,ILLINOIS,KENDALL,1,0.5184606246287554,1,0,3.0612822331019167,-1.4375345658570335
17095,ILLINOIS,KNOX,0,0.4624724538737415,0,2,-0.4930651904518432,0.21053168289976604
17097,ILLINOIS,LAKE,1,0.6105506961879483,1,0,3.487141163997862,-3.222815329241552
17099,ILLINOIS,LASALLE,0,0.4187643447593812,0,2,0.3592360537306668,0.1219161636830666
17101,ILLINOIS,LAWRENCE,0,0.2213383247543285,0,2,-0.2161496106628519,0.8649348392791223
17103,ILLINOIS,LEE,0,0.3907422089406598,0,2,0.730594942323118,0.6480108891099332
17105,ILLINOIS,LIVINGSTON,0,0.2687201583789449,0,2,0.3123237636077904,0.6332113667276781
17107,ILLINOIS,LOGAN,0,0.2888521137355198,0,2,0.3965350717507881,0.4773709811072468
17109,ILLINOIS,MCDONOUGH,0,0.4063492063492063,0,2,-0.7638418003336649,-0.2796362599473789
17111,ILLINOIS,MCHENRY,0,0.4769006401064199,1,0,3.027321987660178,-1.1025135279900322
17113,ILLINOIS,MCLEAN,1,0.5049654030941817,1,0,1.9052923075655035,-1.5571038782708295
17115,ILLINOIS,MACON,0,0.4018424782344604,0,1,-0.4976554491397522,-0.9606977616579974
17117,ILLINOIS,MACOUPIN,0,0.3065939555407543,0,2,0.2563319281595733,0.7414588514081712
17119,ILLINOIS,MADISON,0,0.421732694565368,1,2,0.9629104142300189,-0.7364692430340855
17121,ILLINOIS,MARION,0,0.2591362126245847,0,2,-0.8649847897025302,0.3634069670525021
17123,ILLINOIS,MARSHALL,0,0.3165456267761288,0,2,0.5261835733975079,1.355506201577214
17125,ILLINOIS,MASON,0,0.2933786579958616,0,2,-0.35087409660164653,1.2118564271567966
17127,ILLINOIS,MASSAC,0,0.2531924262439454,0,2,-0.7295664471108402,0.9666453452077615
17129,ILLINOIS,MENARD,0,0.2918591224018476,0,2,1.594658661356521,0.8928300691661097
17131,ILLINOIS,MERCER,0,0.3688294163949173,0,2,0.647550473660583,1.285554905219836
17133,ILLINOIS,MONROE,0,0.3106203896349536,1,0,3.478107435756677,0.25436465512097645
17135,ILLINOIS,MONTGOMERY,0,0.2844758505135863,0,2,0.16667598536852773,0.8622668427572248
17137,ILLINOIS,MORGAN,0,0.3315696649029982,0,2,0.07409235538874201,0.43844082473231105
17139,ILLINOIS,MOULTRIE,0,0.24644128113879,0,2,1.1371889873884236,1.3324242445090766
17141,ILLINOIS,OGLE,0,0.3588611449451888,0,2,0.8146821799483217,0.39675993682062993
17143,ILLINOIS,PEORIA,1,0.5189525204530028,1,1,0.02662880960689543,-2.024643087862876
17145,ILLINOIS,PERRY,0,0.2598229384263404,0,2,-0.7239501220011906,0.6673963079015621
17147,ILLINOIS,PIATT,0,0.3389330075341071,0,2,2.090030251238918,0.7661601107496149
17149,ILLINOIS,PIKE,0,0.1866901497043653,0,2,-0.3423727433860311,1.311872258101178
17151,ILLINOIS,POPE,0,0.1990804597701149,0,2,-1.3366541106485335,1.0697901497547266
17153,ILLINOIS,PULASKI,0,0.3395579268292683,2,1,-2.662821019037308,-0.0675112392840199
17155,ILLINOIS,PUTNAM,0,0.3946902654867256,0,2,1.1173207915381531,1.4609694054101852
17157,ILLINOIS,RANDOLPH,0,0.2412195285743066,0,2,-0.04955188759604315,0.5925057312493472
17159,ILLINOIS,RICHLAND,0,0.2269626689817685,0,2,0.36133608403222955,1.0512691139750014
17161,ILLINOIS,ROCK ISLAND,1,0.5496120315168219,0,2,0.20422076816029233,-0.8917055599963409
17163,ILLINOIS,ST. CLAIR,1,0.5334098414408507,1,1,-0.16336628867250924,-2.052270295139861
17165,ILLINOIS,SALINE,0,0.2520332550153624,0,2,-0.9398336281601515,0.59876823639665
17167,ILLINOIS,SANGAMON,0,0.4669791507560715,1,0,0.9645778419552362,-1.2052984066508723
17169,ILLINOIS,SCHUYLER,0,0.2734254992319508,0,2,-0.674035857627789,0.8794877209479083
17171,ILLINOIS,SCOTT,0,0.2089879430032882,0,2,0.6210571384883814,1.5348437088014788
17173,ILLINOIS,SHELBY,0,0.2069934694552368,0,2,0.7404651942069269,1.2620164173881725
17175,ILLINOIS,STARK,0,0.2826916406520985,0,2,0.2573782040798195,1.5657121190876857
17177,ILLINOIS,STEPHENSON,0,0.4106948476052249,0,2,-0.43311948112838283,-0.044967799687278036
17179,ILLINOIS,TAZEWELL,0,0.3594247813242194,0,0,1.664697424714633,0.14189746265117958
17181,ILLINOIS,UNION,0,0.2902318253432365,0,2,-0.19907198515374844,0.8259597811143435
17183,ILLINOIS,VERMILION,0,0.3268427051671732,0,1,-1.0361013459901551,-0.19527171369254928
17185,ILLINOIS,WABASH,0,0.2240300375469336,0,2,0.2792095566777459,1.1711546694985013
17187,ILLINOIS,WARREN,0,0.3906941459097231,0,2,-0.14665370715718756,0.2643779849958042
17189,ILLINOIS,WASHINGTON,0,0.2076689445709947,0,2,1.08614654279463,0.9918459460769894
17191,ILLINOIS,WAYNE,0,0.1398774452038652,0,2,0.028872910344076713,1.4922631932440107
17193,ILLINOIS,WHITE,0,0.2044198895027624,0,2,-0.3740436392238375,1.2304072730450626
17195,ILLINOIS,WHITESIDE,0,0.4475981735159817,0,2,0.8604641944021013,0.7614994127492288
17197,ILLINOIS,WILL,1,0.5329247620289477,1,0,2.776505420798689,-2.622154654856682
17199,ILLINOIS,WILLIAMSON,0,0.3032716251151457,0,2,0.43011684287618857,0.1112141585245694
17201,ILLINOIS,WINNEBAGO,1,0.5015778057928572,0,1,-0.26572037693568745,-1.460976878695767
17203,ILLINOIS,WOODFORD,0,0.2874206793579694,0,0,2.3607856216868566,0.4479234312997449
18001,INDIANA,ADAMS,0,0.2277429798015342,0,2,-0.0338167160648779,1.2348980305391515
18003,INDIANA,ALLEN,0,0.432860978696727,1,0,0.8360408185300322,-1.5253135156687687
18005,INDIANA,BARTHOLOMEW,0,0.3569477024975852,1,0,1.9204980837482952,-1.4395727188715963
18007,INDIANA,BENTON,0,0.2452600875060768,0,2,0.06754686389614699,1.5894316480735007
18009,INDIANA,BLACKFORD,0,0.2571481965987666,0,2,-0.8125139670655617,1.3969876912094676
18011,INDIANA,BOONE,0,0.395742471443406,1,0,3.6540218454876925,-0.9443421404363934
18013,INDIANA,BROWN,0,0.3380469880859592,0,0,1.5617073856945198,0.7660804975856437
18015,INDIANA,CARROLL,0,0.2342285413375461,0,2,0.8763453979243636,1.4794717717588344
18017,INDIANA,CASS,0,0.2831951572575339,0,2,-0.14331670186472517,0.6145489930934223
18019,INDIANA,CLARK,0,0.3990564896576751,0,2,0.7631802636997168,0.07488292157525546
18021,INDIANA,CLAY,0,0.2080378250591016,0,2,0.5090223533259206,1.1043773269065031
18023,INDIANA,CLINTON,0,0.259556722526836,0,2,0.25596119495302433,1.0955784018261332
18025,INDIANA,CRAWFORD,0,0.2740695792880259,0,2,-0.848736048996582,1.8814802522322536
18027,INDIANA,DAVIESS,0,0.1814455412414254,0,2,0.17545522440596972,1.2083835671289815
18029,INDIANA,DEARBORN,0,0.2145530473151321,0,2,1.7849405619290108,0.6204907801022445
18031,INDIANA,DECATUR,0,0.1985024822983641,0,2,0.9529283385279884,0.8325308131815506
18033,INDIANA,DEKALB,0,0.2530059099245975,0,2,0.7692297000681478,1.021058999990522
18035,INDIANA,DELAWARE,0,0.4248511132784129,0,2,-0.6602386416858708,-0.2619720049245916
18037,INDIANA,DUBOIS,0,0.2890215893431327,0,2,1.5566998430882664,0.7612347782200646
18039,INDIANA,ELKHART,0,0.3509753048247677,0,2,0.5748738183523283,-0.10944040616024589
18041,INDIANA,FAYETTE,0,0.2206985003946329,0,2,-0.5648565558370247,1.1920906226616093
18043,INDIANA,FLOYD,0,0.4189034017511124,0,0,1.5742384206809483,-0.1164967273390299
18045,INDIANA,FOUNTAIN,0,0.2039819684447783,0,2,0.02001637974578818,1.3104626946571802
18047,INDIANA,FRANKLIN,0,0.1780833333333333,0,2,1.5453595956341752,1.2020637821606734
18049,INDIANA,FULTON,0,0.2492620531321744,0,2,-0.5305068205249955,0.9982876969773138
18051,INDIANA,GIBSON,0,0.248932615555968,0,2,0.8515514039141553,1.0615632417130874
18053,INDIANA,GRANT,0,0.295113958540447,0,2,-0.8305071555044911,0.03768590245284849
18055,INDIANA,GREENE,0,0.2292343073593073,0,2,-0.048669252856204916,1.108447113085164
18057,INDIANA,HAMILTON,0,0.4556209052623982,1,0,4.817132057166571,-2.363168122917761
18059,INDIANA,HANCOCK,0,0.3005056978397147,1,0,2.47890004484394,0.13779559737593253
18061,INDIANA,HARRISON,0,0.2640343941490413,0,2,0.7976166242656281,0.8620499187357087
18063,INDIANA,HENDRICKS,0,0.3683859668945257,1,0,2.988249915468597,-1.1364041415427921
18065,INDIANA,HENRY,0,0.263623395149786,0,2,0.17732381703587866,0.9053886749313124
18067,INDIANA,HOWARD,0,0.327418163918287,0,2,0.36150570757662176,-0.10268112635730493
18069,INDIANA,HUNTINGTON,0,0.2386561220483481,0,2,0.9173442058002201,1.0683572763144238
18071,INDIANA,JACKSON,0,0.2236199189104896,0,2,0.502325641836422,0.4853842115836252
18073,INDIANA,JASPER,0,0.2454281098546042,0,2,0.7256072424661164,0.9463268703485193
18075,INDIANA,JAY,0,0.2276326675333884,0,2,-0.1917709584497567,1.5437547308202964
18077,INDIANA,JEFFERSON,0,0.3219024290671565,0,2,0.2685312355598771,1.0454224597835275
18079,INDIANA,JENNINGS,0,0.2059423720512611,0,2,0.6423477831349866,1.3200823051510235
18081,INDIANA,JOHNSON,0,0.3186889639001262,1,0,2.358744096728765,-0.6714738517560273
18083,INDIANA,KNOX,0,0.2540128661545188,0,2,-0.09088306945126619,0.9599681982332345
18085,INDIANA,KOSCIUSKO,0,0.2337161539106379,0,2,1.399925055950816,0.3449599860123294
18087,INDIANA,LAGRANGE,0,0.2214802971879996,0,2,1.2065696669696635,1.2924780927192152
18089,INDIANA,LAKE,1,0.5677044499809053,2,1,-0.5776807445670831,-2.1472532312210153
18091,INDIANA,LAPORTE,0,0.4540613864593456,0,2,-0.06752230302164287,-0.3128027996394057
18093,INDIANA,LAWRENCE,0,0.2359571938168846,0,2,0.7328373054039626,0.87124917205261
18095,INDIANA,MADISON,0,0.3769621377406213,0,2,-0.156041605130844,0.00033850531094025847
18097,INDIANA,MARION,1,0.6359340791901832,1,1,-0.1894609334457834,-2.8675532440272344
18099,INDIANA,MARSHALL,0,0.2866462588447834,0,2,0.5845088922616068,0.9259788772958302
18101,INDIANA,MARTIN,0,0.1965396578538102,0,2,0.504839310635245,1.8312822840748255
18103,INDIANA,MIAMI,0,0.2235196572928902,0,2,-0.32483735965488675,0.7632192766146243
18105,INDIANA,MONROE,1,0.6312014061535051,1,0,0.6696970417539209,-1.637161042034672
18107,INDIANA,MONTGOMERY,0,0.2449703453889987,0,2,0.6999836044848727,0.8408330148020253
18109,INDIANA,MORGAN,0,0.2151884731325534,0,2,1.1662182320205323,0.5279529096240244
18111,INDIANA,NEWTON,0,0.2289485662266727,0,2,-0.30319962961296487,1.1028129903519972
18113,INDIANA,NOBLE,0,0.2428348097967691,0,2,0.888055666955383,0.9755682290495375
18115,INDIANA,OHIO,0,0.2172357723577235,0,2,0.987709512282073,1.7759762469977525
18117,INDIANA,ORANGE,0,0.2518115942028985,0,2,0.1412943572363471,1.4031133204470665
18119,INDIANA,OWEN,0,0.2443457189014539,0,2,-0.09208263841259859,1.186596921517956
18121,INDIANA,PARKE,0,0.2143162697846855,0,2,-0.006080417414095268,1.3542028642740014
18123,INDIANA,PERRY,0,0.3672322861728961,0,2,0.3153590880994664,1.243115527678156
18125,INDIANA,PIKE,0,0.227491961414791,0,2,0.5600360674607906,1.5175891193961626
18127,INDIANA,PORTER,0,0.4594435261071102,1,0,1.7435961043076622,-0.418077135358728
18129,INDIANA,POSEY,0,0.2879268661226957,0,2,1.2489228592805799,0.8981308048259011
18131,INDIANA,PULASKI,0,0.2519807096107475,0,2,-0.18455434162148796,1.3795443598401982
18133,INDIANA,PUTNAM,0,0.2377538109296861,0,2,1.2888681328259002,0.7102870550072186
18135,INDIANA,RANDOLPH,0,0.2270099367660343,0,2,0.19859925854164812,1.1020812406672473
18137,INDIANA,RIPLEY,0,0.1943802116179665,0,2,0.708940786173519,0.9131265684925339
18139,INDIANA,RUSH,0,0.2211296016137166,0,2,0.06593214292984563,1.2130337992223923
18141,INDIANA,ST. JOSEPH,1,0.5197591072389316,1,2,0.48712301363021826,-1.2857550642021214
18143,INDIANA,SCOTT,0,0.2656634208714468,0,2,-0.39918690153699316,1.3856441860339668
18145,INDIANA,SHELBY,0,0.2512630683807713,0,2,0.869995708809806,0.8566449113973472
18147,INDIANA,SPENCER,0,0.2983563933512861,0,2,0.8074587442942305,1.280625332934433
18149,INDIANA,STARKE,0,0.2575315840621963,0,2,-0.6853941108872121,1.2209600045002618
18151,INDIANA,STEUBEN,0,0.2792352431629749,0,2,0.76486059645816,0.70113751111404
18153,INDIANA,SULLIVAN,0,0.2393818100956193,0,2,-0.011618962403133287,1.137478145957781
18155,INDIANA,SWITZERLAND,0,0.2320654790563312,0,2,-1.1975079451910255,1.3384328435507995
18157,INDIANA,TIPPECANOE,1,0.4901046915239055,1,0,1.0316677201119715,-1.7064822378641877
18159,INDIANA,TIPTON,0,0.2259733859043864,0,2,1.529902349992451,0.9521272992244405
18161,INDIANA,UNION,0,0.2113120872810795,0,2,1.1825498768524403,1.4925770832124747
18163,INDIANA,VANDERBURGH,0,0.4431382143133063,0,2,0.19917446841514239,-0.5489463751893947
18165,INDIANA,VERMILLION,0,0.2867263734794814,0,2,-0.46975641831440595,0.9632428568450999
18167,INDIANA,VIGO,0,0.4157223471119879,0,2,-0.28086218014420683,-0.3261902291933548
18169,INDIANA,WABASH,0,0.2397091108671789,0,2,0.590132310075642,0.9609316058916834
18171,INDIANA,WARREN,0,0.2177996422182468,0,2,0.9425390250503914,1.464553033493055
18173,INDIANA,WARRICK,0,0.3524490821484525,1,0,2.6562261420409814,-0.26006221033698335
18175,INDIANA,WASHINGTON,0,0.2293434385039953,0,2,-0.05090138340816632,1.365234643621248
18177,INDIANA,WAYNE,0,0.3440875754181871,0,2,-0.13370452408424413,0.32345657329063354
18179,INDIANA,WELLS,0,0.2083985765124555,0,2,1.054294730974982,1.2297409502126033
18181,INDIANA,WHITE,0,0.2715385993193623,0,2,0.41511957395745747,1.0544192906797683
18183,INDIANA,WHITLEY,0,0.2411711095921622,0,2,1.159446508764225,0.7900094710398975
19001,IOWA,ADAIR,0,0.2868087143883169,0,2,0.27710691737715537,1.2416204652115312
19003,IOWA,ADAMS,0,0.2731481481481481,0,2,0.14220444128263818,1.780616812750461
19005,IOWA,ALLAMAKEE,0,0.3470762597682565,0,2,0.6269524861047561,1.3843090323235479
19007,IOWA,APPANOOSE,0,0.2902087170042971,0,2,-1.0900127761735925,1.1968685075027692
19009,IOWA,AUDUBON,0,0.3131578947368421,0,2,0.5941844092305438,2.0045463704171294
19011,IOWA,BENTON,0,0.3524108728315804,0,2,1.44366099535222,1.1567341984291515
19013,IOWA,BLACK HAWK,1,0.5352965026354122,0,2,0.37130017581317515,-0.7895777871603293
19015,IOWA,BOONE,0,0.4108865710560626,0,2,1.8195964468643149,0.9791977614842466
19017,IOWA,BREMER,0,0.4095971401072459,0,2,2.1737153739635615,0.5570013945421556
19019,IOWA,BUCHANAN,0,0.386950064971227,0,2,1.5215244516980397,1.1715637360499433
19021,IOWA,BUENA VISTA,0,0.3625566303416187,1,2,0.7229940200282395,-1.2367494312031044
19023,IOWA,BUTLER,0,0.2993331686836256,0,2,0.591550029798708,1.3109417989940557
19025,IOWA,CALHOUN,0,0.2795739825028528,0,2,0.7316274153614042,1.4850368376554233
19027,IOWA,CARROLL,0,0.3047198941332157,0,2,1.4552848193108217,1.2074896956997359
19029,IOWA,CASS,0,0.3025013743815283,0,2,0.8990764727071235,1.4788391459105101
19031,IOWA,CEDAR,0,0.4052134915444268,0,2,1.6181300237679788,1.129470493245897
19033,IOWA,CERRO GORDO,0,0.4596865677912692,0,2,1.104316119541756,0.678286163687372
19035,IOWA,CHEROKEE,0,0.2970236268794108,0,2,0.8723592382923407,1.094550570516206
19037,IOWA,CHICKASAW,0,0.336751621173277,0,2,1.160059191349548,1.639281696334366
19039,IOWA,CLARKE,0,0.3139186295503212,0,2,0.092436221930067,1.6950740915220865
19041,IOWA,CLAY,0,0.2968000891961199,0,2,0.6068202822543504,1.0817227747538547
19043,IOWA,CLAYTON,0,0.3481342505732749,0,2,0.7063626657475404,1.44197005512749
19045,IOWA,CLINTON,0,0.4379633005225422,0,2,0.26031417525801076,0.7057185003069757
19047,IOWA,CRAWFORD,0,0.3103159071847917,0,2,-0.6045179297688823,0.3439152817121336
19049,IOWA,DALLAS,0,0.4797936524936632,1,0,3.815506727483032,-1.2712166992573752
19051,IOWA,DAVIS,0,0.2469527059970745,0,2,1.0202249478740346,1.4725125060838562
19053,IOWA,DECATUR,0,0.2944269190325972,0,2,0.10762371191134269,1.2325341490572492
19055,IOWA,DELAWARE,0,0.3156053184044786,0,2,1.2885277636350638,1.4524438132988973
19057,IOWA,DES MOINES,0,0.4456303868510723,0,2,0.06097255623894679,0.5020299113138516
19059,IOWA,DICKINSON,0,0.325595873354678,0,0,2.0316019977306525,0.9229727401034262
19061,IOWA,DUBUQUE,0,0.4757816266735897,0,0,1.571386774312292,-0.037845172753335495
19063,IOWA,EMMET,0,0.3132083247475788,0,2,0.7039647970458498,1.4332144354910703
19065,IOWA,FAYETTE,0,0.3764971529550363,0,2,0.49367227365863103,1.385586081625139
19067,IOWA,FLOYD,0,0.3949203187250996,0,2,0.5479375010317937,1.1321935399221674
19069,IOWA,FRANKLIN,0,0.3169590643274854,0,2,-0.019967728979054217,1.3137250988275626
19071,IOWA,FREMONT,0,0.2800103707544724,0,2,0.8260274937781529,1.5496441619522154
19073,IOWA,GREENE,0,0.3498121415859205,0,2,0.5003305036170036,1.4448222514690663
19075,IOWA,GRUNDY,0,0.3031885651456844,0,2,2.12377562430926,1.1837131245156303
19077,IOWA,GUTHRIE,0,0.3115680426934547,0,2,0.9642293304398428,1.3227423616600045
19079,IOWA,HAMILTON,0,0.357925217172353,0,2,1.4640692985563688,0.7502433904812176
19081,IOWA,HANCOCK,0,0.2726830848995463,0,2,1.1245348652859213,1.3483956947938016
19083,IOWA,HARDIN,0,0.3310713093781288,0,2,0.9453271112490985,1.2610708732322782
19085,IOWA,HARRISON,0,0.299202942979767,0,2,1.2453165955101093,1.4241715255102432
19087,IOWA,HENRY,0,0.3280905630134241,0,2,0.7101340901185279,0.4942312906189422
19089,IOWA,HOWARD,0,0.3574021782977007,0,2,0.9185425395290681,1.658442655415912
19091,IOWA,HUMBOLDT,0,0.2706964520367937,0,2,0.408092994941538,1.3087943583265877
19093,IOWA,IDA,0,0.2382436996622499,0,2,0.5017832328557718,1.7857086523298793
19095,IOWA,IOWA,0,0.364093615274071,0,2,1.2064002750600629,1.1779907785356531
19097,IOWA,JACKSON,0,0.3618320610687023,0,2,0.4658423396571039,0.9873228292013895
19099,IOWA,JASPER,0,0.3833234244946492,0,2,1.0279153163187196,0.9438495008088365
19101,IOWA,JEFFERSON,0,0.4820850541355062,1,0,1.1315183003059692,-1.659757249080661
19103,IOWA,JOHNSON,1,0.7057399434711572,1,0,1.8863398423950122,-1.9237832876671457
19105,IOWA,JONES,0,0.3833833833833834,0,2,0.7756156100781931,0.9420946617050729
19107,IOWA,KEOKUK,0,0.2666415236658495,0,2,0.2736915770984191,1.5369983632932915
19109,IOWA,KOSSUTH,0,0.2965896589658965,0,2,0.5593708234922877,1.2741213010037797
19111,IOWA,LEE,0,0.390880841400741,0,2,0.19337726877218556,0.7603681212470185
19113,IOWA,LINN,1,0.5560576817461438,1,0,1.910116218202714,-0.7634980807259785
19115,IOWA,LOUISA,0,0.3237059264816204,0,2,0.9141802021458235,0.5959680855676699
19117,IOWA,LUCAS,0,0.2773218142548596,0,2,0.157665346885326,1.6852090486522222
19119,IOWA,LYON,0,0.1554713682063237,0,2,1.5852987813773993,1.5383739341382394
19121,IOWA,MADISON,0,0.319014657980456,0,2,1.9583260306310237,0.9848831589851798
19123,IOWA,MAHASKA,0,0.2537706068046299,0,2,0.6891907874868523,0.9452999715217717
19125,IOWA,MARION,0,0.3212354409317803,0,2,1.9234284590755057,0.7075020186328123
19127,IOWA,MARSHALL,0,0.4508160564622849,0,2,0.6628480022716247,-0.09048435550535545
19129,IOWA,MILLS,0,0.3033381712626996,0,2,1.8180869944364688,0.8900881047838476
19131,IOWA,MITCHELL,0,0.3526279628993473,0,2,1.516297991409379,1.6165600487621024
19133,IOWA,MONONA,0,0.2975888324873096,0,2,0.31079917622491965,1.7690126298061617
19135,IOWA,MONROE,0,0.2636986301369863,0,2,0.32411748527472667,1.3101883903884533
19137,IOWA,MONTGOMERY,0,0.2971653838933734,0,2,0.4816442534656768,1.4767731734480103
19139,IOWA,MUSCATINE,0,0.453388805573025,0,2,1.00698848473267,0.5875825344924639
19141,IOWA,O'BRIEN,0,0.2077870480731029,0,2,0.9937400207488627,1.2803932678828354
19143,IOWA,OSCEOLA,0,0.1805889423076923,0,2,0.45030520939004076,1.5628526570884087
19145,IOWA,PAGE,0,0.2770988310308183,0,2,0.26003833613295707,0.9106124099324915
19147,IOWA,PALO ALTO,0,0.3063735377168213,0,2,1.423404046326416,1.5288945419128146
19149,IOWA,PLYMOUTH,0,0.2462644488299971,0,2,1.7834339641917887,0.9653431094159711
19151,IOWA,POCAHONTAS,0,0.2440491760397593,0,2,0.27940270390652855,1.5656968799527928
19153,IOWA,POLK,1,0.565206469440204,1,0,2.124917462236109,-1.7629124848454831
19155,IOWA,POTTAWATTAMIE,0,0.4060641832808674,0,0,0.9932334624070172,0.39721745257350205
19157,IOWA,POWESHIEK,0,0.42465483234714,0,2,0.843808793116468,0.5480055301383625
19159,IOWA,RINGGOLD,0,0.261238025055269,0,2,0.6906977324462773,1.667616825056013
19161,IOWA,SAC,0,0.2509485094850948,0,2,0.7541604705965399,1.5746574329873224
19163,IOWA,SCOTT,1,0.5067657318113586,1,0,1.4561495738542638,-0.8726689435544005
19165,IOWA,SHELBY,0,0.2883002207505519,0,2,1.002260589027972,1.3082813423429345
19167,IOWA,SIOUX,0,0.1584693716865256,0,2,2.1899300720561445,0.7660666004818527
19169,IOWA,STORY,1,0.5716329009757436,1,0,1.3400014139840104,-1.742754496530193
19171,IOWA,TAMA,0,0.3953359858532272,0,2,0.10409948102310966,1.0639796917343773
19173,IOWA,TAYLOR,0,0.2296091104955371,0,2,0.7785979644418661,1.8312265679908155
19175,IOWA,UNION,0,0.3332255456750202,0,2,0.41222775772230874,1.04221230356082
19177,IOWA,VAN BUREN,0,0.2308098127143234,0,2,-0.0793915701862789,1.5802730225128208
19179,IOWA,WAPELLO,0,0.3723533550821979,0,2,-0.36649096887542815,0.41380411568892517
19181,IOWA,WARREN,0,0.4051032571925642,1,0,2.432145277891069,0.3237239804549284
19183,IOWA,WASHINGTON,0,0.387675308117297,0,2,1.3152502938110502,1.0735280228023463
19185,IOWA,WAYNE,0,0.2338372467031199,0,2,-0.08446796085422045,2.0341580346561536
19187,IOWA,WEBSTER,0,0.3710582426214791,0,2,0.4135193640983048,0.614589048091999
19189,IOWA,WINNEBAGO,0,0.3576214405360134,0,2,1.024836929187085,1.3059329169246043
19191,IOWA,WINNESHIEK,0,0.4656001326259947,0,2,1.7716947621155694,0.9797754550763162
19193,IOWA,WOODBURY,0,0.4123274987875314,0,2,0.7792432655728252,-0.3535070422951708
19195,IOWA,WORTH,0,0.3612494341330919,0,2,1.1361678563241364,1.5469088033491243
19197,IOWA,WRIGHT,0,0.3191557403261912,0,2,0.19780555763586394,1.5344431909590857
20001,KANSAS,ALLEN,0,0.2664630006788866,0,2,-0.1451790608037319,1.1982894871613494
20003,KANSAS,ANDERSON,0,0.2062236286919831,0,2,-0.07215223794646193,1.471351106167358
20005,KANSAS,ATCHISON,0,0.3170698924731183,0,2,0.09504790063353377,1.0282543119414047
20007,KANSAS,BARBER,0,0.1242527754056362,0,2,-0.2975022534591066,1.6226379142948926
20009,KANSAS,BARTON,0,0.2102425876010781,0,2,0.22999781092632782,1.0025200137296737
20011,KANSAS,BOURBON,0,0.2308268424206111,0,2,-0.020873747848811658,1.1927132541827827
20013,KANSAS,BROWN,0,0.2469246253634533,0,2,-0.28488827937718053,1.0550384293730513
20015,KANSAS,BUTLER,0,0.2823185731857318,0,0,1.577784884870396,0.0968869293590076
20017,KANSAS,CHASE,0,0.2313883299798792,0,2,0.8419644465841516,1.7625899494982704
20019,KANSAS,CHAUTAUQUA,0,0.1293471629042099,0,2,-1.5240451519285518,1.4063529596217161
20021,KANSAS,CHEROKEE,0,0.2403593339176161,0,2,0.10744762596123072,1.3481067253261185
20023,KANSAS,CHEYENNE,0,0.1567529741077676,0,2,0.33356885937245234,1.9686781569148002
20025,KANSAS,CLARK,0,0.134020618556701,0,2,1.189703994313195,1.4924764819838023
20027,KANSAS,CLAY,0,0.2137733142037302,0,2,1.1115283017142392,1.4837948199868884
20029,KANSAS,CLOUD,0,0.2158104621158808,0,2,0.4891848575054536,1.5014130991186563
20031,KANSAS,COFFEY,0,0.2111719605695509,0,2,0.6210502637979929,1.112185387599405
20033,KANSAS,COMANCHE,0,0.1375545851528384,0,2,0.32945019446882035,2.269574764306636
20035,KANSAS,COWLEY,0,0.3002599957838521,0,2,0.19535436478874285,0.29820558897296556
20037,KANSAS,CRAWFORD,0,0.371222589366176,0,2,-0.3074082678264079,0.3101386419530426
20039,KANSAS,DECATUR,0,0.1455273698264352,0,2,-0.24014249216960687,1.8619125175406044
20041,KANSAS,DICKINSON,0,0.2203444218633009,0,2,0.9828996173662917,1.0855109137607557
20043,KANSAS,DONIPHAN,0,0.1849555136155297,0,2,0.28535975657856116,1.5296575352686868
20045,KANSAS,DOUGLAS,1,0.6855197915791243,1,0,1.647306219427056,-1.5402759300406859
20047,KANSAS,EDWARDS,0,0.1893780573025856,0,2,0.6886488259977286,1.8565997286170328
20049,KANSAS,ELK,0,0.1432770022042615,0,2,-0.8624569383393826,1.6232993059056657
20051,KANSAS,ELLIS,0,0.2707971014492754,0,0,1.186808654153667,0.3389792349612278
20053,KANSAS,ELLSWORTH,0,0.2271293375394321,0,2,1.236350869127518,1.3190411751849487
20055,KANSAS,FINNEY,0,0.3665254237288136,0,2,0.4391837361819411,-0.1688274316682212
20057,KANSAS,FORD,0,0.3305664610207515,0,2,0.06859281794551476,0.5145471152658352
20059,KANSAS,FRANKLIN,0,0.2957441692714594,0,2,0.7280842540679627,1.0976044265917626
20061,KANSAS,GEARY,0,0.4147662188899302,0,2,-0.40009807104487005,-0.6533066589424444
20063,KANSAS,GOVE,0,0.1128484024473147,0,2,0.6702919237012439,1.9145187845884488
20065,KANSAS,GRAHAM,0,0.1705310396409873,0,2,-0.2004276855248655,1.4569883829406958
20067,KANSAS,GRANT,0,0.2071171531387445,0,2,0.18740577028878727,1.1159653554126991
20069,KANSAS,GRAY,0,0.1490384615384615,0,2,1.7377544662145257,1.525942350513023
20071,KANSAS,GREELEY,0,0.1216848673946957,0,2,0.7577277448261197,1.9844809025564243
20073,KANSAS,GREENWOOD,0,0.1849203769905752,0,2,0.24155355017332267,1.7931191255462255
20075,KANSAS,HAMILTON,0,0.1641443538998835,0,2,0.48463875945168877,2.2346008568945424
20077,KANSAS,HARPER,0,0.1721433905899925,0,2,-0.37242300216366536,1.5445098053095576
20079,KANSAS,HARVEY,0,0.389797215321509,0,0,1.3188542147543736,0.480089982016975
20081,KANSAS,HASKELL,0,0.1900709219858156,0,2,0.18582163006588676,1.5705894190108631
20083,KANSAS,HODGEMAN,0,0.1473684210526315,0,0,1.1095190439595917,1.5867410305410379
20085,KANSAS,JACKSON,0,0.2856925880923451,0,2,0.5373499734167019,0.960530565238543
20087,KANSAS,JEFFERSON,0,0.3265180944592108,0,2,1.5830155297644748,1.039024210533641
20089,KANSAS,JEWELL,0,0.1302211302211302,0,2,-0.19491042611481565,2.1275926193080394
20091,KANSAS,JOHNSON,1,0.5306784864665596,1,0,4.415121466825445,-2.387150274051093
20093,KANSAS,KEARNY,0,0.1835051546391752,0,2,-0.47840028379675636,1.888320436792397
20095,KANSAS,KINGMAN,0,0.1904279564446695,0,2,1.0928779334676313,1.4575170259614987
20097,KANSAS,KIOWA,0,0.1339055793991416,0,2,0.9476074838881235,1.7550799791374014
20099,KANSAS,LABETTE,0,0.3100548873058507,0,2,-0.0696751471842837,0.9526000082850512
20101,KANSAS,LANE,0,0.1284916201117318,0,2,0.13605160963248358,1.9567737833248744
20103,KANSAS,LEAVENWORTH,0,0.3805426144149082,1,0,1.797178785333957,-0.8254053877338372
20105,KANSAS,LINCOLN,0,0.16846105129829,0,2,0.5768514736364787,1.9599110814840501
20107,KANSAS,LINN,0,0.1775663892191835,0,2,-0.17711359502200705,1.1668738555973903
20109,KANSAS,LOGAN,0,0.1275720164609053,0,2,0.5514421786445406,2.2386625538532967
20111,KANSAS,LYON,0,0.4328710323134115,0,2,0.2295755178246943,0.2994156954392882
20113,KANSAS,MCPHERSON,0,0.2863277462252389,0,2,1.7355904552327974,0.9475818801297436
20115,KANSAS,MARION,0,0.2480772377679594,0,2,0.9198152322400232,1.115161111328423
20117,KANSAS,MARSHALL,0,0.2461869378177552,0,2,0.8121473104847963,1.620790403248635
20119,KANSAS,MEADE,0,0.1441095890410959,0,2,0.6994011968794974,1.3397961839747936
20121,KANSAS,MIAMI,0,0.2925238334169593,0,2,2.3965356746234785,0.608515748854859
20123,KANSAS,MITCHELL,0,0.1799419542083199,0,2,0.4057402481388807,1.6022262759668482
20125,KANSAS,MONTGOMERY,0,0.2404290183226575,0,2,-0.6918126383126201,0.3862871002739358
20127,KANSAS,MORRIS,0,0.2514660227664712,0,2,1.0938675456140323,1.477494616475969
20129,KANSAS,MORTON,0,0.1252086811352253,0,2,-0.18213663647760825,1.7663714699454909
20131,KANSAS,NEMAHA,0,0.1630893736805067,0,2,1.46578843158277,1.4291827622445714
20133,KANSAS,NEOSHO,0,0.2611603897048131,0,2,0.034303564838161306,1.2945145215835674
20135,KANSAS,NESS,0,0.0984798413747521,0,2,0.8168094564959725,1.8409617998522139
20137,KANSAS,NORTON,0,0.1507246376811594,0,2,0.5599725499469136,1.5370095985887566
20139,KANSAS,OSAGE,0,0.2658369632856254,0,2,0.48917202905288704,1.1667413096348154
20141,KANSAS,OSBORNE,0,0.1444730077120822,0,2,0.2973256795411176,1.8600635690361091
20143,KANSAS,OTTAWA,0,0.1585709808837355,0,2,1.098131735920801,1.4659399224087133
20145,KANSAS,PAWNEE,0,0.2347572106608251,0,2,0.5666382494571538,1.5531145633766616
20147,KANSAS,PHILLIPS,0,0.1143473570658036,0,2,0.5634575496299986,1.5341571523741593
20149,KANSAS,POTTAWATOMIE,0,0.2532293816402965,0,2,2.063556008217194,0.6605075111950353
20151,KANSAS,PRATT,0,0.2255257432922407,0,2,0.8854469536924362,1.1840773695548308
20153,KANSAS,RAWLINS,0,0.1422872340425532,0,2,1.0041322362839284,1.9522093433281398
20155,KANSAS,RENO,0,0.31802727175119,0,2,0.3565600911027507,0.5714017031995902
20157,KANSAS,REPUBLIC,0,0.1595784719608581,0,2,1.2949512145734978,1.7704011967576214
20159,KANSAS,RICE,0,0.2234313498495022,0,2,0.07108569810852958,1.1152151387040588
20161,KANSAS,RILEY,1,0.5071312224385205,1,0,0.49437580474070003,-1.0830580088633985
20163,KANSAS,ROOKS,0,0.1256020748425342,0,2,1.1515565617511676,1.7441347483867127
20165,KANSAS,RUSH,0,0.1759093619558736,0,2,0.4357468065437269,1.7333942890325529
20167,KANSAS,RUSSELL,0,0.1730602826651283,0,2,0.14987221036570833,1.2722571826547202
20169,KANSAS,SALINE,0,0.334841628959276,0,2,0.8532341890653308,0.14927606734621482
20171,KANSAS,SCOTT,0,0.127017841971113,0,2,1.3416329529935158,1.5515203126864803
20173,KANSAS,SEDGWICK,0,0.4285880333321412,1,0,0.956723644791752,-1.6907514636405938
20175,KANSAS,SEWARD,0,0.3462410275783906,0,2,-0.7062194793275315,-0.10212319328808525
20177,KANSAS,SHAWNEE,1,0.502177288487806,1,0,1.0935699593622195,-0.6818182067812656
20179,KANSAS,SHERIDAN,0,0.1017301038062283,0,2,1.4336004981530392,1.870556413370706
20181,KANSAS,SHERMAN,0,0.1452145214521452,0,2,0.6595455671965922,1.03946517164163
20183,KANSAS,SMITH,0,0.1578205730389854,0,2,0.396330730398304,1.8935280915791621
20185,KANSAS,STAFFORD,0,0.1755162241887905,0,2,0.5043689888384594,1.4433397728059045
20187,KANSAS,STANTON,0,0.190721649484536,0,2,-0.2691691706202879,1.8993827518334594
20189,KANSAS,STEVENS,0,0.1166912850812407,0,2,-0.9384405851571008,1.0033231376477074
20191,KANSAS,SUMNER,0,0.237097364568082,0,2,0.4101215754652502,0.8281357974210906
20193,KANSAS,THOMAS,0,0.1640419947506561,0,2,1.6870242984815615,1.3738280449350408
20195,KANSAS,TREGO,0,0.1484662576687116,0,2,1.3350358437026455,2.000487961530949
20197,KANSAS,WABAUNSEE,0,0.2470527934392619,0,2,1.6897102397165724,1.4268805337695292
20199,KANSAS,WALLACE,0,0.0533333333333333,0,2,0.8627847977681703,1.9596310923019864
20201,KANSAS,WASHINGTON,0,0.1647589316684009,0,2,0.8723405433438178,1.8784847731569436
20203,KANSAS,WICHITA,0,0.1539256198347107,0,2,0.7756371977374948,1.4464825714262757
20205,KANSAS,WILSON,0,0.1828528072837632,0,2,-0.058566071574474424,1.4344490709094007
20207,KANSAS,WOODSON,0,0.1901681759379042,0,2,-0.850485550835785,1.3536446780631681
20209,KANSAS,WYANDOTTE,1,0.6478471427313551,2,1,-1.1583014809701317,-2.1324889212572242
21001,KENTUCKY,ADAIR,0,0.1588497090037658,0,2,-0.9537972463979437,0.8430200328013501
21003,KENTUCKY,ALLEN,0,0.1753711417280786,0,2,-0.6933845217851026,1.1697234431690025
21005,KENTUCKY,ANDERSON,0,0.2527945619335347,0,2,-0.02300974815770885,0.7009231512809208
21007,KENTUCKY,BALLARD,0,0.1952662721893491,0,2,-0.7688592926318155,1.269416144986977
21009,KENTUCKY,BARREN,0,0.2556469708302169,0,2,-1.546225352192827,0.5472079039082233
21011,KENTUCKY,BATH,0,0.2795450506486582,0,2,-0.9962813802977017,1.4213891510390928
21013,KENTUCKY,BELL,0,0.1781162883313421,2,2,-3.1507861089250437,0.8583326968788049
21015,KENTUCKY,BOONE,0,0.3121144683584007,1,0,2.610514289713687,-0.540341200420367
21017,KENTUCKY,BOURBON,0,0.3418023436689826,0,2,-0.23084916924371218,0.7170568756644412
21019,KENTUCKY,BOYD,0,0.3257899820615427,0,2,-0.42830305502667887,0.36881274363269867
21021,KENTUCKY,BOYLE,0,0.3662127600746526,0,2,-0.01237502038539807,0.16411784649110345
21023,KENTUCKY,BRACKEN,0,0.1885014137606032,0,2,-0.45514653078023803,1.2703696254842096
21025,KENTUCKY,BREATHITT,0,0.2298180533474651,2,2,-2.961224598024293,0.9198547707708309
21027,KENTUCKY,BRECKINRIDGE,0,0.2304599391978032,0,2,-1.06176415418601,0.8946655918296469
21029,KENTUCKY,BULLITT,0,0.2514297969688304,0,2,0.8813906367853811,0.5367097339986493
21031,KENTUCKY,BUTLER,0,0.17624959163672,0,2,-0.9902604718468869,1.1936703477997315
21033,KENTUCKY,CALDWELL,0,0.2229309271935283,0,2,-0.9165394841400406,0.9094316176057773
21035,KENTUCKY,CALLOWAY,0,0.3321676317147279,0,2,-0.10210228903496758,0.4018242410922728
21037,KENTUCKY,CAMPBELL,0,0.3967194315319558,1,0,1.6040710984736197,-0.18212186630682678
21039,KENTUCKY,CARLISLE,0,0.1755117513267627,0,2,-0.9621891172625342,1.6788337202152772
21041,KENTUCKY,CARROLL,0,0.2698911729141475,2,2,-2.623149712463607,0.8619328834216582
21043,KENTUCKY,CARTER,0,0.2280535174794993,0,2,-1.401429125572298,1.2554916038084862
21045,KENTUCKY,CASEY,0,0.1280156184632547,0,2,-2.370867437663573,1.1429333482278994
21047,KENTUCKY,CHRISTIAN,0,0.347651175459917,2,1,-1.2475130513966806,-0.7457747979749455
21049,KENTUCKY,CLARK,0,0.3312003530450132,0,2,0.019677506509871587,0.5179057991021596
21051,KENTUCKY,CLAY,0,0.1094861660079051,2,2,-3.48461425968307,0.7570647666578343
21053,KENTUCKY,CLINTON,0,0.1222627737226277,0,2,-1.8168615396414565,1.501981688629923
21055,KENTUCKY,CRITTENDEN,0,0.1723243752946723,0,2,-0.20929009094989084,1.8007827031217605
21057,KENTUCKY,CUMBERLAND,0,0.1535207011181626,0,2,-1.3436378129002267,1.5033809907428686
21059,KENTUCKY,DAVIESS,0,0.3509951259138911,0,2,0.42643180720118745,-0.07389366270290004
21061,KENTUCKY,EDMONSON,0,0.2001304844234219,0,2,-1.4229193348940907,1.1660782869977178
21063,KENTUCKY,ELLIOTT,0,0.2377295492487479,0,2,-1.2511077941602442,2.0202944366347917
21065,KENTUCKY,ESTILL,0,0.2072499235240134,2,2,-2.668116201148122,1.0490794352561743
21067,KENTUCKY,FAYETTE,1,0.5932374364617723,1,0,1.1123528665967553,-2.1798718445172396
21069,KENTUCKY,FLEMING,0,0.2086045853382394,0,2,-1.365265187772785,0.9479481203217998
21071,KENTUCKY,FLOYD,0,0.2375389884410739,2,2,-2.4881680788965355,0.7277491787167618
21073,KENTUCKY,FRANKLIN,0,0.4854368932038835,0,2,0.7457361491943704,-0.5066199014404276
21075,KENTUCKY,FULTON,0,0.3267244940107394,2,1,-2.8398540271285366,0.3045014227060463
21077,KENTUCKY,GALLATIN,0,0.2135619641465315,0,2,-0.7582025234894192,1.3117361730965642
21079,KENTUCKY,GARRARD,0,0.2102723198896932,0,2,0.16710891732764593,0.9798368752021338
21081,KENTUCKY,GRANT,0,0.1985413290113452,0,2,-0.042504298395572106,1.1173947071453543
21083,KENTUCKY,GRAVES,0,0.2091315078152544,0,2,-0.8891443715891716,0.6292042215155375
21085,KENTUCKY,GRAYSON,0,0.2002837352916631,0,2,-1.3598218917767684,1.3666325325805448
21087,KENTUCKY,GREEN,0,0.1582931865106676,0,2,-1.6813082411689346,1.5676554942639114
21089,KENTUCKY,GREENUP,0,0.2681007922535211,0,2,-0.20508821154655113,0.8786973510615047
21091,KENTUCKY,HANCOCK,0,0.2945280139524744,0,2,-0.21713946977944354,1.3638974676269457
21093,KENTUCKY,HARDIN,0,0.3698534970678981,0,2,0.17035115746007604,-0.743982394757332
21095,KENTUCKY,HARLAN,0,0.1361771944216571,2,2,-3.7400305393230484,0.469287594736782
21097,KENTUCKY,HARRISON,0,0.2710945442222975,0,2,-0.2626307745243658,1.2550217588601118
21099,KENTUCKY,HART,0,0.2279842275062731,0,2,-1.3136672700850305,1.264632214179831
21101,KENTUCKY,HENDERSON,0,0.3692478731631864,0,2,-0.35923033818596056,0.47660946147108935
21103,KENTUCKY,HENRY,0,0.2642161095349697,0,2,-0.5721245220171498,1.110230860815614
21105,KENTUCKY,HICKMAN,0,0.2082764893133242,0,2,-1.173345092237707,0.8103391516115048
21107,KENTUCKY,HOPKINS,0,0.2528708912548235,0,2,-0.9517373434904981,0.35693873215091143
21109,KENTUCKY,JACKSON,0,0.0989694094552592,0,2,-2.5731187573737557,1.474940558291879
21111,KENTUCKY,JEFFERSON,1,0.5912772311334316,1,0,0.6817164827094746,-2.325470984061901
21113,KENTUCKY,JESSAMINE,0,0.3263494724010514,0,0,1.0434656591675298,-0.06453102467798834
21115,KENTUCKY,JOHNSON,0,0.1577708006279435,0,2,-1.5370448043431655,0.7481624567020182
21117,KENTUCKY,KENTON,0,0.3929580552443124,1,0,1.6365326724563438,-0.43505675976206504
21119,KENTUCKY,KNOTT,0,0.2258838585826267,2,2,-2.7249984815567228,0.8421463631207226
21121,KENTUCKY,KNOX,0,0.159270699917125,2,2,-2.4951377989263044,0.9624972304066953
21123,KENTUCKY,LARUE,0,0.2059991781947678,0,2,-0.0774120651809504,1.4167508528123365
21125,KENTUCKY,LAUREL,0,0.1592340819304552,0,2,-0.885882555773976,0.8721427507026017
21127,KENTUCKY,LAWRENCE,0,0.1780014378145219,0,2,-2.000395275981835,1.4088317688747458
21129,KENTUCKY,LEE,0,0.1726212861978187,2,2,-3.50775047367847,1.337427787231639
21131,KENTUCKY,LESLIE,0,0.092704219496986,0,2,-2.3366042342708413,1.518366506528789
21133,KENTUCKY,LETCHER,0,0.1969348659003831,2,2,-2.677414026143898,0.9691625302909819
21135,KENTUCKY,LEWIS,0,0.1398946115927248,0,2,-2.4886295421384266,1.5366350329131904
21137,KENTUCKY,LINCOLN,0,0.2065426555484285,0,2,-1.437130649881578,0.9437962372704924
21139,KENTUCKY,LIVINGSTON,0,0.1876873875674595,0,2,-0.2584387666318405,1.3916655419117054
21141,KENTUCKY,LOGAN,0,0.2506074842054107,0,2,-0.5180500552419354,0.7723997797361625
21143,KENTUCKY,LYON,0,0.2582781456953642,0,2,0.26624956378031395,1.3328154309195632
21145,KENTUCKY,MCCRACKEN,0,0.3338205900778616,0,2,0.12440199882812945,0.03873228329972628
21147,KENTUCKY,MCCREARY,0,0.1126651126651126,2,2,-2.922758992170098,0.8080581531574632
21149,KENTUCKY,MCLEAN,0,0.2245922208281054,0,2,-0.16857318449081118,1.4063282735231333
21151,KENTUCKY,MADISON,0,0.3548732432863358,0,2,0.0875638752663156,-0.1793810202010377
21153,KENTUCKY,MAGOFFIN,0,0.2227322805728975,2,2,-3.340277212263746,0.9523818476912398
21155,KENTUCKY,MARION,0,0.3048835125448029,0,2,-1.5967375248143243,0.6081051808757423
21157,KENTUCKY,MARSHALL,0,0.2312936764956536,0,2,0.9318591115490401,1.0674607368162528
21159,KENTUCKY,MARTIN,0,0.1025445292620865,0,2,-1.175194939534619,1.2655279519028635
21161,KENTUCKY,MASON,0,0.2968082432772053,0,2,-0.35516992392333785,0.7368515601104033
21163,KENTUCKY,MEADE,0,0.2574060949681077,0,2,0.44915047940801983,0.6434151314563429
21165,KENTUCKY,MENIFEE,0,0.241779497098646,0,2,-0.9962083047717669,1.7609876840195267
21167,KENTUCKY,MERCER,0,0.2584576054537708,0,2,-0.08220174107185807,0.7427219553527904
21169,KENTUCKY,METCALFE,0,0.1945331205107741,0,2,-1.0957012661174168,1.6467799791122568
21171,KENTUCKY,MONROE,0,0.123264540337711,0,2,-1.4900393113625454,1.6102560987357153
21173,KENTUCKY,MONTGOMERY,0,0.2827763496143959,0,2,-0.6523904762918619,0.9896756444056142
21175,KENTUCKY,MORGAN,0,0.211743450767841,0,2,-1.1515443022667446,1.1847078385950958
21177,KENTUCKY,MUHLENBERG,0,0.2490688031484995,0,2,-0.392261118019998,0.8455668897578036
21179,KENTUCKY,NELSON,0,0.3092277909227791,0,2,1.133644114739991,0.6824561278554734
21181,KENTUCKY,NICHOLAS,0,0.2812131919905771,0,2,-1.3214911868095585,1.68648229957674
21183,KENTUCKY,OHIO,0,0.216051047002786,0,2,-0.6247178927128477,1.2545902671038773
21185,KENTUCKY,OLDHAM,0,0.3823281315900464,1,0,3.740978424277443,-0.7897957832656073
21187,KENTUCKY,OWEN,0,0.2012463343108504,0,2,-0.39434632890628996,1.42751966559944
21189,KENTUCKY,OWSLEY,0,0.1139841688654353,2,2,-3.129494358672431,1.0034909681027897
21191,KENTUCKY,PENDLETON,0,0.1909025270758122,0,2,-0.15021578321245813,1.247361575420404
21193,KENTUCKY,PERRY,0,0.2215726947011125,0,2,-1.5665584315295082,0.6326639048209461
21195,KENTUCKY,PIKE,0,0.1916587827183853,0,2,-1.8306669989526225,0.6908194992755106
21197,KENTUCKY,POWELL,0,0.2483197093551317,0,2,-1.0684272112303437,1.2998179747988776
21199,KENTUCKY,PULASKI,0,0.17959856676285,0,2,-1.0440682164787691,0.636305832360359
21201,KENTUCKY,ROBERTSON,0,0.2207678883071553,0,2,-1.7535534098273888,1.5551845473021233
21203,KENTUCKY,ROCKCASTLE,0,0.1457021713992033,0,2,-1.7856588018040487,1.0984302673321846
21205,KENTUCKY,ROWAN,0,0.3857625770530921,0,2,-0.7698517866230228,0.9334214145550196
21207,KENTUCKY,RUSSELL,0,0.1486743483611142,0,2,-1.2125527964009646,1.0200297503620641
21209,KENTUCKY,SCOTT,0,0.3649050086355785,0,0,1.6856229628506632,-0.01116038822838072
21211,KENTUCKY,SHELBY,0,0.3430464701384759,0,0,1.4878416315050937,-0.11991106202104354
21213,KENTUCKY,SIMPSON,0,0.3070316078790655,0,2,-0.6056322012504208,0.6741521889279007
21215,KENTUCKY,SPENCER,0,0.2213666987487969,0,2,1.769439911231296,0.628408391771817
21217,KENTUCKY,TAYLOR,0,0.2366906474820143,0,2,-0.0735144061031635,0.5795798341066355
21219,KENTUCKY,TODD,0,0.2246309101102597,0,2,-1.3225739646865298,0.8618364159463942
21221,KENTUCKY,TRIGG,0,0.2428474576271186,0,2,-0.6911610579064253,0.5127895752738746
21223,KENTUCKY,TRIMBLE,0,0.234313498495022,0,2,-1.0693031702254818,0.8117334800890667
21225,KENTUCKY,UNION,0,0.2325121654501216,0,2,-1.2499438729362349,0.5628743130543163
21227,KENTUCKY,WARREN,0,0.4060811909450597,1,2,0.4822252218803828,-1.087520115826873
21229,KENTUCKY,WASHINGTON,0,0.2641812630564036,0,2,-0.029195015847453532,0.7444417050033907
21231,KENTUCKY,WAYNE,0,0.1839826839826839,0,2,-1.453509544094785,1.1927811089323719
21233,KENTUCKY,WEBSTER,0,0.2356868636287765,0,2,-1.2061200871241207,1.304955217427169
21235,KENTUCKY,WHITLEY,0,0.1662865706652766,0,2,-0.9896906670419556,0.8630930255057491
21237,KENTUCKY,WOLFE,0,0.2816381336018798,2,1,-6.1556599723017635,-0.09041600321138922
21239,KENTUCKY,WOODFORD,0,0.4292945894418513,0,0,1.7234600660212234,0.28624517560568463
22001,LOUISIANA,ACADIA,0,0.1914863676341248,2,2,-2.261815073612506,-0.5414771848545947
22003,LOUISIANA,ALLEN,0,0.2148827726809378,2,2,-1.4381542265253122,-0.30372269155898673
22005,LOUISIANA,ASCENSION,0,0.3273004412354592,1,0,0.9743557046465057,-1.6299217852427144
22007,LOUISIANA,ASSUMPTION,0,0.3411659991099243,2,1,-1.901215314721961,-0.40920006294214273
22009,LOUISIANA,AVOYELLES,0,0.2879366180892898,2,1,-2.531434812798461,-0.6586902448569585
22011,LOUISIANA,BEAUREGARD,0,0.1554074708076053,0,2,-0.8152601585918369,-0.04436751628527611
22013,LOUISIANA,BIENVILLE,0,0.4350354609929078,2,1,-3.8639786250338872,-0.9222226480018059
22015,LOUISIANA,BOSSIER,0,0.2865611563443417,0,1,-0.3262850034586024,-1.3527977220015879
22017,LOUISIANA,CADDO,1,0.5252973921000458,2,1,-2.4699775040228222,-3.036225892287611
22019,LOUISIANA,CALCASIEU,0,0.3143123283694035,2,1,-0.731161062157029,-1.4724035626768033
22021,LOUISIANA,CALDWELL,0,0.1564468710625787,2,2,-2.5470672144271154,0.055368666983977154
22023,LOUISIANA,CAMERON,0,0.0802178757118098,0,2,0.7844008753504076,1.7082201634026026
22025,LOUISIANA,CATAHOULA,0,0.2612186084808563,2,1,-2.8379699204800293,-0.6492987342022484
22027,LOUISIANA,CLAIBORNE,0,0.4150455927051671,2,1,-4.125271579489229,-1.4632150634719168
22029,LOUISIANA,CONCORDIA,0,0.3598776619845945,2,1,-3.7697736815082052,-1.3900707970120147
22031,LOUISIANA,DE SOTO,0,0.3703175895765472,2,1,-2.8992792261914655,-1.3107497871990426
22033,LOUISIANA,EAST BATON ROUGE,1,0.5551728775782728,2,1,-0.8170006241436187,-3.7361008258282054
22035,LOUISIANA,EAST CARROLL,1,0.6258234519104084,2,1,-5.6221198722074055,-2.3370054795507094
22037,LOUISIANA,EAST FELICIANA,0,0.407269959082691,2,1,-1.7452821516765367,-1.39625803478746
22039,LOUISIANA,EVANGELINE,0,0.2697897742019206,2,1,-4.1400619950160715,-1.2588648808832936
22041,LOUISIANA,FRANKLIN,0,0.2734567901234568,2,1,-3.425476369484225,-0.8241239846914282
22043,LOUISIANA,GRANT,0,0.1231899488926746,0,2,-0.7668500484727022,0.47159483913182837
22045,LOUISIANA,IBERIA,0,0.3370831168037171,2,1,-2.272355558498759,-1.961074874822253
22047,LOUISIANA,IBERVILLE,1,0.5092409833123991,2,1,-2.614776121493644,-2.1472232282822423
22049,LOUISIANA,JACKSON,0,0.2807914046121593,2,1,-1.9129468838632524,-0.2858636234397504
22051,LOUISIANA,JEFFERSON,0,0.4360485823272235,1,1,-0.05028977864340115,-2.609483881468551
22053,LOUISIANA,JEFFERSON DAVIS,0,0.216157940839566,2,2,-1.5073951927235094,-0.09868345201701062
22055,LOUISIANA,LAFAYETTE,0,0.346530330681709,1,1,0.07561537674258809,-1.9553287719157655
22057,LOUISIANA,LAFOURCHE,0,0.191063717282101,0,1,-0.8380239301113839,-0.5153842439199722
22059,LOUISIANA,LA SALLE,0,0.0901511940087607,0,2,-0.5707500488132047,0.5082909893035359
22061,LOUISIANA,LINCOLN,0,0.392166018158236,2,1,-2.526990503528402,-1.967293865371796
22063,LOUISIANA,LIVINGSTON,0,0.1417905871531504,0,0,0.8199552373904877,-0.08988085880584545
22065,LOUISIANA,MADISON,1,0.5683083511777302,2,1,-5.145804644570256,-2.6619537839064686
22067,LOUISIANA,MOREHOUSE,0,0.4273371349576637,2,1,-3.6179933108257263,-1.6015642897181617
22069,LOUISIANA,NATCHITOCHES,0,0.416576054125891,2,1,-4.655671257941311,-2.305729253281521
22071,LOUISIANA,ORLEANS,1,0.8314859491955303,2,1,-2.229141710228481,-4.681977195127344
22073,LOUISIANA,OUACHITA,0,0.3746493942110285,2,1,-1.8009902573536682,-2.018174129822074
22075,LOUISIANA,PLAQUEMINES,0,0.3099691301979299,0,2,-0.11825387389977113,-0.93809609702362
22077,LOUISIANA,POINTE COUPEE,0,0.37854660092151,2,1,-2.1911633398424666,-0.8312050589522527
22079,LOUISIANA,RAPIDES,0,0.330841756561624,2,1,-1.3285244338252788,-1.634522855164761
22081,LOUISIANA,RED RIVER,0,0.3978702807357212,2,1,-3.239263430943811,-0.5960206191720276
22083,LOUISIANA,RICHLAND,0,0.3244466800804829,2,1,-3.1485698764938435,-1.0545352367867131
22085,LOUISIANA,SABINE,0,0.1633635334088335,2,2,-2.327864814763858,-0.356813310835129
22087,LOUISIANA,ST. BERNARD,0,0.3484985835694051,2,1,-2.259412028054455,-1.3005969609709347
22089,LOUISIANA,ST. CHARLES,0,0.3436546621313602,1,1,0.18669938904959707,-1.3752637912147745
22091,LOUISIANA,ST. HELENA,1,0.543358233192595,2,1,-4.668941731566719,-2.873731795214019
22093,LOUISIANA,ST. JAMES,1,0.517077045274027,2,1,-1.7944214792802453,-1.6401780057198219
22095,LOUISIANA,ST. JOHN THE BAPTIST,1,0.6337252706233669,2,1,-2.518264640884259,-2.9895414089584484
22097,LOUISIANA,ST. LANDRY,0,0.4221217864606114,2,1,-2.7470201681688255,-1.5555905621017778
22099,LOUISIANA,ST. MARTIN,0,0.3121162807899992,2,1,-1.7243315223758806,-1.1152508908027723
22101,LOUISIANA,ST. MARY,0,0.3474079185715518,2,1,-2.459478170842475,-1.1766266659926659
22103,LOUISIANA,ST. TAMMANY,0,0.2694026122332453,1,0,1.4477652995674029,-1.2769215399762128
22105,LOUISIANA,TANGIPAHOA,0,0.3275524184457432,2,1,-1.5808124843030613,-1.5639494592740175
22107,LOUISIANA,TENSAS,1,0.5203602192638997,2,1,-5.7543376332325336,-2.4998273813945113
22109,LOUISIANA,TERREBONNE,0,0.2421712802768166,2,1,-1.213953937628773,-0.958349497885892
22111,LOUISIANA,UNION,0,0.2369431300776716,2,1,-1.5916486886652499,-0.20396392393425725
22113,LOUISIANA,VERMILION,0,0.1833186941882594,0,1,-0.8981268765062099,-0.48628982944918986
22115,LOUISIANA,VERNON,0,0.1678248783877692,0,1,-0.7322658703463858,-0.454203238583662
22117,LOUISIANA,WASHINGTON,0,0.3059498795674678,2,1,-3.1121306079505393,-1.0599532540198071
22119,LOUISIANA,WEBSTER,0,0.3388230127360562,2,1,-3.0150403059909374,-0.7961600928134609
22121,LOUISIANA,WEST BATON ROUGE,0,0.4398098886287863,2,1,-1.2038993025927762,-1.8436164881515795
22123,LOUISIANA,WEST CARROLL,0,0.1405384006334125,2,2,-1.9329424204931,0.4642743028386928
22125,LOUISIANA,WEST FELICIANA,0,0.3666241225271219,2,1,-1.1237974732379477,-1.9806123466294492
22127,LOUISIANA,WINN,0,0.2478714859437751,2,1,-1.795262497332177,-0.37882235541259385
23001,MAINE,ANDROSCOGGIN,0,0.46523811930392,0,0,0.7576199501629172,0.24139904704532375
23003,MAINE,AROOSTOOK,0,0.3854183927091963,0,2,0.018814729887194057,0.7344752200658116
23005,MAINE,CUMBERLAND,1,0.6572220464081179,1,0,3.241673151281325,-1.2009840205962548
23007,MAINE,FRANKLIN,0,0.4584919597704415,0,2,0.6598250857939947,0.7776188945892821
23009,MAINE,HANCOCK,1,0.5429140038120865,0,0,1.8187693128170654,0.1909298900980985
23011,MAINE,KENNEBEC,1,0.4806444949390622,0,2,1.2457177113022524,0.2179420574681572
23013,MAINE,KNOX,1,0.580439459127228,0,0,1.7429059136666898,0.4796587961563075
23015,MAINE,LINCOLN,1,0.5316678542985287,0,0,1.6916712067646085,0.3308417462665211
23017,MAINE,OXFORD,0,0.4364093463472345,0,2,0.1679150365963553,0.5874969279891502
23019,MAINE,PENOBSCOT,0,0.4378461216955174,0,2,0.889564718790855,0.1092698421789091
23021,MAINE,PISCATAQUIS,0,0.3518407362945178,0,2,-0.5122640110810945,1.0447815218661747
23023,MAINE,SAGADAHOC,1,0.557166392092257,1,0,2.0343598712048108,0.16442922554946676
23025,MAINE,SOMERSET,0,0.3659096616797618,0,2,-0.4069481511093296,0.8169746417350753
23027,MAINE,WALDO,1,0.502523813400635,0,0,1.1305364147433936,0.42811397199110807
23029,MAINE,WASHINGTON,0,0.3848036425725669,0,2,-0.5287764335376535,0.4296329055208074
23031,MAINE,YORK,1,0.5432533080996932,1,0,2.333510088990541,-0.19271756007000676
24001,MARYLAND,ALLEGANY,0,0.2988805848373095,0,2,-0.4309061612756985,-0.06332036364497823
24003,MARYLAND,ANNE ARUNDEL,1,0.5581831746964798,1,0,3.5113394999242273,-2.838206781577484
24005,MARYLAND,BALTIMORE,1,0.6227743341077574,1,0,1.9283375117395287,-3.738197488345879
24009,MARYLAND,CALVERT,0,0.4598986011850223,1,0,3.4491899652102322,-1.4039326394876384
24011,MARYLAND,CAROLINE,0,0.3225908572875776,0,2,-0.12086808954907631,-0.050036915726503796
24013,MARYLAND,CARROLL,0,0.3633717742980454,1,0,3.6049407074747397,-0.9359218271374893
24015,MARYLAND,CECIL,0,0.354157009818381,1,0,1.576892289442944,-0.5332229874109626
24017,MARYLAND,CHARLES,1,0.6946635679009587,1,0,1.5025650491938707,-3.7548253162691143
24019,MARYLAND,DORCHESTER,0,0.4291794454528385,2,1,-1.2334289471425222,-1.141922581117583
24021,MARYLAND,FREDERICK,1,0.5334271881330906,1,0,3.4731538136202267,-2.198685441481743
24023,MARYLAND,GARRETT,0,0.2101723143936967,0,2,0.8568086072184601,0.9087343334495378
24025,MARYLAND,HARFORD,0,0.4257824625808106,1,0,2.83282987205659,-1.8622960047612749
24027,MARYLAND,HOWARD,1,0.7070446078377818,1,0,5.856983026187427,-6.248080633077352
24029,MARYLAND,KENT,1,0.4937002038169353,0,0,1.171678064795148,-0.3044040115544234
24031,MARYLAND,MONTGOMERY,1,0.7860880611080614,1,0,4.944319570169072,-6.028828207519582
24033,MARYLAND,PRINCE GEORGE'S,1,0.8925586376528463,1,0,0.29771393084109304,-5.77899874706838
24035,MARYLAND,QUEEN ANNE'S,0,0.3535490260812149,1,0,3.129625902799091,-0.5343809605517759
24037,MARYLAND,ST MARY'S,0,0.4156651396748406,1,0,2.515189120989928,-1.4353132591116706
24039,MARYLAND,SOMERSET,0,0.4179560461220065,2,1,-2.534789709070131,-1.7628401241876028
24041,MARYLAND,TALBOT,1,0.4904455774772777,1,0,2.215834399467164,-0.6704890011749117
24043,MARYLAND,WASHINGTON,0,0.3842488086280411,0,2,0.633864201683555,-0.7274721032259508
24045,MARYLAND,WICOMICO,0,0.4771940453522589,2,1,-0.524064813647751,-2.0755211709516956
24047,MARYLAND,WORCESTER,0,0.3963270329115522,1,0,1.0530703852340508,-0.6610352390194811
24510,MARYLAND,BALTIMORE CITY,1,0.8728170099511078,2,1,-1.913809740884312,-4.759661499122101
25001,MASSACHUSETTS,BARNSTABLE,1,0.6071730291990073,1,0,3.1720550984673914,-1.0598372047980027
25003,MASSACHUSETTS,BERKSHIRE,1,0.7204163241420629,1,0,1.7246976153858755,-0.5245948646397692
25005,MASSACHUSETTS,BRISTOL,1,0.5451194893447634,1,0,1.6466472413111397,-1.2697028311800012
25007,MASSACHUSETTS,DUKES,1,0.7701390507263264,1,0,2.3974486499186143,-0.4332818223996695
25009,MASSACHUSETTS,ESSEX,1,0.6292949347501996,1,0,2.599344177170615,-2.135340217789444
25011,MASSACHUSETTS,FRANKLIN,1,0.698323372787945,1,0,1.721203198144096,-0.36083501259931383
25013,MASSACHUSETTS,HAMPDEN,1,0.5704347511017106,1,2,0.40256760446655143,-1.407714703942988
25015,MASSACHUSETTS,HAMPSHIRE,1,0.7173164877960422,1,0,2.5649871892222302,-1.5978494091159317
25017,MASSACHUSETTS,MIDDLESEX,1,0.7099535628465964,1,0,5.243959605035492,-4.515847681960413
25019,MASSACHUSETTS,NANTUCKET,1,0.714227309893704,1,0,3.46658753321609,-1.6346763799015134
25021,MASSACHUSETTS,NORFOLK,1,0.664924752215102,1,0,4.949295101202188,-4.054677471720462
25023,MASSACHUSETTS,PLYMOUTH,1,0.5713956626188831,1,0,2.892918793640627,-1.750466650280574
25025,MASSACHUSETTS,SUFFOLK,1,0.8021646305301862,1,0,1.5935393822331476,-4.577384794199414
25027,MASSACHUSETTS,WORCESTER,1,0.571995833726125,1,0,2.556677035111363,-2.060512998109268
26001,MICHIGAN,ALCONA,0,0.3032276330690827,0,2,-0.5105974602230393,1.2097534492103819
26003,MICHIGAN,ALGER,0,0.4003510140405616,0,2,-0.0484599727412491,0.8571637456830051
26005,MICHIGAN,ALLEGAN,0,0.3643992011208156,0,0,1.4869463264484664,0.3203249603119347
26007,MICHIGAN,ALPENA,0,0.3535859508515528,0,2,-0.5464601565157585,0.8490980247355088
26009,MICHIGAN,ANTRIM,0,0.3736911405103768,0,0,1.21653717873075,0.7302171500604205
26011,MICHIGAN,ARENAC,0,0.3141207111312422,0,2,-0.6836735823390996,1.2529032454511366
26013,MICHIGAN,BARAGA,0,0.3660227835562159,0,2,-0.5901516158229342,0.7012918389829502
26015,MICHIGAN,BARRY,0,0.3285614816877872,0,2,1.2946355106577607,0.46150603017195485
26017,MICHIGAN,BAY,0,0.4340054767239233,0,2,-0.1352854459254194,0.36091898831910935
26019,MICHIGAN,BENZIE,0,0.4469091502201924,0,0,1.4572662172596031,0.531065589532545
26021,MICHIGAN,BERRIEN,0,0.4543942906385406,0,2,-0.11326361819970322,-1.060044700986762
26023,MICHIGAN,BRANCH,0,0.2999123490455785,0,2,-0.14210539111303738,0.774506176571333
26025,MICHIGAN,CALHOUN,0,0.4356753820853638,0,2,-0.35341813762130986,-0.7409954237557298
26027,MICHIGAN,CASS,0,0.3482606042111688,0,2,0.32633481781826584,0.17861706842691621
26029,MICHIGAN,CHARLEVOIX,0,0.4081764705882353,0,0,1.3887321391880034,0.5106963007524441
26031,MICHIGAN,CHEBOYGAN,0,0.3426392740105873,0,2,-0.07615685102960486,0.5629048121403752
26033,MICHIGAN,CHIPPEWA,0,0.3768280240335563,0,2,-0.9256342207479379,-0.6548629875434224
26035,MICHIGAN,CLARE,0,0.3193292795282845,0,2,-1.9379639065668994,0.6978359749544135
26037,MICHIGAN,CLINTON,0,0.4583637615540301,1,0,2.130463882648299,-0.0291996193822868
26039,MICHIGAN,CRAWFORD,0,0.339905864393843,0,2,-0.41816933361853575,0.841984966752215
26041,MICHIGAN,DELTA,0,0.3596047468204813,0,2,0.06946451501564643,0.834869344098162
26043,MICHIGAN,DICKINSON,0,0.325176502844609,0,2,0.8758225269107641,0.9636661631215877
26045,MICHIGAN,EATON,0,0.4865608531409828,1,0,1.5882059891449678,-0.6121594059724818
26047,MICHIGAN,EMMET,0,0.4356766018848356,0,0,1.4727382620042966,0.3727725796846725
26049,MICHIGAN,GENESEE,1,0.5393476689555475,2,1,-1.1232923276299953,-1.6212637365898555
26051,MICHIGAN,GLADWIN,0,0.3097993562966514,0,2,-0.49547616610992956,1.0782239291306774
26053,MICHIGAN,GOGEBIC,0,0.4318896685216549,0,2,-0.3525873896462447,1.102300955804171
26055,MICHIGAN,GRAND TRAVERSE,0,0.4761770369878478,1,0,2.085389769680671,-0.07486818649462565
26057,MICHIGAN,GRATIOT,0,0.3499241909342814,0,2,-0.17438649389538877,0.6738821789699647
26059,MICHIGAN,HILLSDALE,0,0.2524675993476954,0,2,0.20876843301515355,0.9453092015258319
26061,MICHIGAN,HOUGHTON,0,0.4188962758769796,0,2,0.03036690897159977,0.10826730543891042
26063,MICHIGAN,HURON,0,0.2977707870043933,0,2,0.0923052226223238,1.0506127935882361
26065,MICHIGAN,INGHAM,1,0.651760636457973,1,0,0.5484101263158364,-2.3904551229755566
26067,MICHIGAN,IONIA,0,0.3384457760253345,0,2,0.5304403785460031,0.46982407745951626
26069,MICHIGAN,IOSCO,0,0.3497363796133567,0,2,-0.6650413890368595,0.8702344522413185
26071,MICHIGAN,IRON,0,0.3672116659301812,0,2,-0.246627493233978,1.2471049884746526
26073,MICHIGAN,ISABELLA,0,0.4782978144862513,0,2,-0.8585094110568215,-0.24484701330368175
26075,MICHIGAN,JACKSON,0,0.3956790047117893,0,2,0.2923417983793061,-0.3206331424157885
26077,MICHIGAN,KALAMAZOO,1,0.5835274101552149,1,0,0.8238802736533508,-1.4937941294315022
26079,MICHIGAN,KALKASKA,0,0.282381713855705,0,2,-0.5401538800122928,1.0962217567801333
26081,MICHIGAN,KENT,1,0.5204709623097206,1,0,1.671394753260508,-1.7306485928568645
26083,MICHIGAN,KEWEENAW,0,0.4315992292870905,0,0,0.9604645167190029,1.2013634362524015
26085,MICHIGAN,LAKE,0,0.3618535505298118,0,2,-1.4075671537673138,0.940921310360119
26087,MICHIGAN,LAPEER,0,0.3108641975308642,0,2,0.8708072810839024,0.3744363873141323
26089,MICHIGAN,LEELANAU,1,0.520414201183432,1,0,2.676355046621392,-0.007483729531883971
26091,MICHIGAN,LENAWEE,0,0.3919063231850117,0,0,0.7079040271433471,0.41250898274111003
26093,MICHIGAN,LIVINGSTON,0,0.3790969912812409,1,0,3.0849569120117812,-0.4014251837153377
26095,MICHIGAN,LUCE,0,0.2805731422859047,0,2,-0.7191752689084866,0.48261842440343156
26097,MICHIGAN,MACKINAC,0,0.3751960085531005,0,2,-0.8322377482092831,-0.1638950243907429
26099,MICHIGAN,MACOMB,0,0.4531093198666278,1,0,1.3182085212665833,-1.8167439574944244
26101,MICHIGAN,MANISTEE,0,0.4167178437393381,0,2,0.13574364685732693,0.5098907509209805
26103,MICHIGAN,MARQUETTE,1,0.5462869040627836,0,2,0.6862422074053155,0.01906568265286491
26105,MICHIGAN,MASON,0,0.394227425524516,0,2,0.2812992540180765,0.8190161043159349
26107,MICHIGAN,MECOSTA,0,0.3503729393320348,0,2,-0.5532166643973563,0.4265179962733167
26109,MICHIGAN,MENOMINEE,0,0.3423494883794717,0,2,0.12731001986195237,1.0537543598591206
26111,MICHIGAN,MIDLAND,0,0.417474739243807,1,0,1.7912901012026674,-0.25203837831634346
26113,MICHIGAN,MISSAUKEE,0,0.2246716162193032,0,2,-0.5879567603682514,1.0940311130929699
26115,MICHIGAN,MONROE,0,0.3783793087621058,0,0,1.0223822204524804,0.1324972962164546
26117,MICHIGAN,MONTCALM,0,0.3022741433021806,0,2,0.21999366902897388,0.8841097871396968
26119,MICHIGAN,MONTMORENCY,0,0.277863116572794,0,2,-0.8906320901044419,1.347967601429357
26121,MICHIGAN,MUSKEGON,1,0.4937367487343689,0,1,-0.3825435144724192,-0.7008733294625239
26123,MICHIGAN,NEWAYGO,0,0.2898641434409632,0,2,-0.16531842558539192,0.6920040553990737
26125,MICHIGAN,OAKLAND,1,0.56357167057614,1,0,3.3314975048947346,-3.4516395186269273
26127,MICHIGAN,OCEANA,0,0.3515858341629924,0,2,-0.116697228138691,0.8398373488884099
26129,MICHIGAN,OGEMAW,0,0.2918451331149744,0,2,-1.0505602568839225,1.006939439281076
26131,MICHIGAN,ONTONAGON,0,0.3656677181913775,0,2,-0.7408430359685868,1.4952154949136787
26133,MICHIGAN,OSCEOLA,0,0.2606861870386893,0,2,-0.8254487792996051,0.9070094964423119
26135,MICHIGAN,OSCODA,0,0.275338530980714,0,2,-1.1054246375268746,1.2809591840872065
26137,MICHIGAN,OTSEGO,0,0.321406789997967,0,2,0.5317743928322625,0.6631559400108027
26139,MICHIGAN,OTTAWA,0,0.3835211275953838,1,0,2.283448607586183,-0.7350044026264709
26141,MICHIGAN,PRESQUE ISLE,0,0.3488734419942473,0,2,-0.12726094266724317,1.0755375557206321
26143,MICHIGAN,ROSCOMMON,0,0.3439872153415901,0,2,-0.8621285823882706,0.8584033810134859
26145,MICHIGAN,SAGINAW,1,0.4943250539434344,2,1,-0.7530293556481594,-1.1387294185549512
26147,MICHIGAN,ST. CLAIR,0,0.3406651894334376,0,2,0.3876833913276456,0.06743499519758635
26149,MICHIGAN,ST. JOSEPH,0,0.3315435280641466,0,2,0.0958677341286659,0.7076200706272668
26151,MICHIGAN,SANILAC,0,0.2657934598592176,0,2,-0.29280003630404405,0.9201549824148039
26153,MICHIGAN,SCHOOLCRAFT,0,0.3348788198103266,0,2,-0.6924907563873112,0.7873235848358756
26155,MICHIGAN,SHIAWASSEE,0,0.3912655517030389,0,2,0.7048509365595946,0.8535049612893948
26157,MICHIGAN,TUSCOLA,0,0.2958736627610799,0,2,-0.19266037796412658,0.7670668959830593
26159,MICHIGAN,VAN BUREN,0,0.4301182614037782,0,2,0.16428520007691091,0.08490412945670131
26161,MICHIGAN,WASHTENAW,1,0.72607638920977,1,0,2.793304910427642,-3.359493981057404
26163,MICHIGAN,WAYNE,1,0.6844598490032311,2,1,-1.6305953069199601,-3.7431161392006547
26165,MICHIGAN,WEXFORD,0,0.3196277032575965,0,2,-0.03480760703033383,0.7822641615416972
27001,MINNESOTA,AITKIN,0,0.3598004987531172,0,2,0.11495096060575002,1.152742393369328
27003,MINNESOTA,ANOKA,0,0.4778669268514484,1,0,2.7912538205376127,-1.5003030016955778
27005,MINNESOTA,BECKER,0,0.3396216689861347,0,2,1.001506109179123,0.49423413611811967
27007,MINNESOTA,BELTRAMI,0,0.4723634709992145,0,2,-0.37638195015221776,-0.30192301369151
27009,MINNESOTA,BENTON,0,0.3270440251572327,0,2,1.1198721519241552,0.5449689556596763
27011,MINNESOTA,BIG STONE,0,0.3540685944855413,0,2,0.515813550470087,1.8265857277106938
27013,MINNESOTA,BLUE EARTH,1,0.5084463676458351,0,2,0.9264808561225764,-0.1900669295864964
27015,MINNESOTA,BROWN,0,0.3247693884523402,0,2,1.4615178299318967,1.1310592302364963
27017,MINNESOTA,CARLTON,1,0.4957533506799548,0,2,0.9593294406315727,0.3820490512106669
27019,MINNESOTA,CARVER,0,0.4637362306173807,1,0,4.448400153084394,-1.0978377519342648
27021,MINNESOTA,CASS,0,0.3467658155175241,0,2,0.1808832240558432,0.17417979305065587
27023,MINNESOTA,CHIPPEWA,0,0.3367115413704432,0,2,0.4468913685252739,0.8461778411652623
27025,MINNESOTA,CHISAGO,0,0.3415099797512294,0,2,2.3129353835517557,0.27821233653971306
27027,MINNESOTA,CLAY,1,0.5073668538106021,0,0,1.435832691392445,0.0003208248976991011
27029,MINNESOTA,CLEARWATER,0,0.2676295666949873,0,2,-0.5517155288311179,0.845657146521362
27031,MINNESOTA,COOK,1,0.6558066211245402,0,0,2.1941960805341645,0.4468269546175075
27033,MINNESOTA,COTTONWOOD,0,0.3003111183887342,0,2,0.5118540092795102,0.4577792582358227
27035,MINNESOTA,CROW WING,0,0.3416722674433077,0,0,1.2067648118983316,0.5709361810402293
27037,MINNESOTA,DAKOTA,1,0.5572926000632962,1,0,3.4744050057391482,-2.0337125055915384
27039,MINNESOTA,DODGE,0,0.3347009108065972,0,2,2.368819345393828,0.7451131593420438
27041,MINNESOTA,DOUGLAS,0,0.3255948686116284,0,2,1.841108283759753,0.8757042580669394
27043,MINNESOTA,FARIBAULT,0,0.3198129896386151,0,2,0.6159105292290614,1.3359487180470018
27045,MINNESOTA,FILLMORE,0,0.3748455646157647,0,2,1.3850159455103421,1.1409966042314894
27047,MINNESOTA,FREEBORN,0,0.4096206445475086,0,2,0.7343312115187678,0.5830560893071975
27049,MINNESOTA,GOODHUE,0,0.4122782511523956,0,2,1.677831677517144,0.42902186274447435
27051,MINNESOTA,GRANT,0,0.3557744937055281,0,2,0.494310128546292,1.5428825785121867
27053,MINNESOTA,HENNEPIN,1,0.7045566683289923,1,0,3.2269581269211023,-3.4969468214129247
27055,MINNESOTA,HOUSTON,0,0.4242132867132867,0,2,1.5193620851669398,1.207563319767367
27057,MINNESOTA,HUBBARD,0,0.344157346702661,0,0,1.0683103812088721,0.7177110899635223
27059,MINNESOTA,ISANTI,0,0.2945327006395709,0,2,1.605331590160711,0.5065641486694303
27061,MINNESOTA,ITASCA,0,0.4060841082790558,0,2,0.5339306211860223,0.42872883838899534
27063,MINNESOTA,JACKSON,0,0.2998797044165664,0,2,1.4928493803716807,1.0341541141527386
27065,MINNESOTA,KANABEC,0,0.3001514823631249,0,2,0.6120461785918936,1.302848803720368
27067,MINNESOTA,KANDIYOHI,0,0.3611931356186074,0,2,1.0289275463943581,0.2574802148645006
27069,MINNESOTA,KITTSON,0,0.381205001894657,0,2,0.6980157801377187,1.3213363573595613
27071,MINNESOTA,KOOCHICHING,0,0.3841375325050563,0,2,-0.11657984269604119,1.1065683786356433
27073,MINNESOTA,LAC QUI PARLE,0,0.3579207920792079,0,2,0.9185922773827531,1.524663336070971
27075,MINNESOTA,LAKE,1,0.5063871146903638,0,2,1.7085837950696205,1.1472351373435894
27077,MINNESOTA,LAKE OF THE WOODS,0,0.2786544850498338,0,2,0.3556238963151429,1.5864560557779297
27079,MINNESOTA,LE SUEUR,0,0.3372577000832441,0,2,1.7557694154588632,0.7966486621812421
27081,MINNESOTA,LINCOLN,0,0.3008025682182985,0,2,0.5716660724748067,1.7307148866909035
27083,MINNESOTA,LYON,0,0.359419840223377,0,2,1.0109488513989164,-0.06511246658496321
27085,MINNESOTA,MCLEOD,0,0.3063583815028902,0,2,1.295381356907456,1.061096635335857
27087,MINNESOTA,MAHNOMEN,0,0.4826388888888889,2,2,-2.559261748919603,-0.25042334959559004
27089,MINNESOTA,MARSHALL,0,0.2532759632309798,0,2,1.2376828214837956,1.622108010732687
27091,MINNESOTA,MARTIN,0,0.3002089199745663,0,2,0.42398934024698026,1.0460842651072209
27093,MINNESOTA,MEEKER,0,0.2858304383176879,0,2,1.3763562258193769,1.3258443200711254
27095,MINNESOTA,MILLE LACS,0,0.2998161889849547,0,2,0.21433703504908325,0.7328867527490862
27097,MINNESOTA,MORRISON,0,0.2232845894263217,0,2,0.7197710509457098,1.0617151114363272
27099,MINNESOTA,MOWER,0,0.4600155078831739,0,2,0.8373584664133947,-0.14164248450570407
27101,MINNESOTA,MURRAY,0,0.2959558823529412,0,2,1.390773650363281,1.2958324685914866
27103,MINNESOTA,NICOLLET,1,0.5031111111111111,0,2,2.088394784615658,0.28833454777146156
27105,MINNESOTA,NOBLES,0,0.3365461847389558,0,2,0.586526545636586,-0.21327604395488506
27107,MINNESOTA,NORMAN,0,0.4080209241499564,0,2,0.510867203062863,1.2675812367056931
27109,MINNESOTA,OLMSTED,1,0.5415659025004104,1,0,3.195879316764795,-1.8447416879797105
27111,MINNESOTA,OTTER TAIL,0,0.3285255089425534,0,0,1.310538043410322,0.5534695234610087
27113,MINNESOTA,PENNINGTON,0,0.3528926755531125,0,2,0.8262975677542751,1.0938642762644406
27115,MINNESOTA,PINE,0,0.3386663333541653,0,2,0.17977099131992838,0.7115730021261071
27117,MINNESOTA,PIPESTONE,0,0.2643724696356275,0,2,0.4764352443168161,1.3151571247604643
27119,MINNESOTA,POLK,0,0.3487879953828395,0,2,1.0314898040550877,0.5414071220188628
27121,MINNESOTA,POPE,0,0.3527485046995158,0,2,1.5524446818012634,1.3997516620000177
27123,MINNESOTA,RAMSEY,1,0.7149879889315723,1,0,2.475678352034515,-4.196619820481331
27125,MINNESOTA,RED LAKE,0,0.3146630236794171,0,2,0.6580787734826051,1.8685623432721095
27127,MINNESOTA,REDWOOD,0,0.2842829550941574,0,2,1.1054326230025686,0.9249111491394791
27129,MINNESOTA,RENVILLE,0,0.3070866141732283,0,2,0.663374316215342,1.2261851304394464
27131,MINNESOTA,RICE,0,0.4876422126324048,0,0,1.3684261455520437,-0.4178478887660863
27133,MINNESOTA,ROCK,0,0.2969465648854962,0,2,1.511187490768353,1.2889034064346618
27135,MINNESOTA,ROSEAU,0,0.2598266239163995,0,2,1.1040629658922754,0.7224427359169281
27137,MINNESOTA,SAINT LOUIS,1,0.5664137336757828,0,2,0.9958054691794251,-0.2205554307941162
27139,MINNESOTA,SCOTT,0,0.4551810379128062,1,0,3.9404029171378356,-1.780424019748414
27141,MINNESOTA,SHERBURNE,0,0.3248399625980004,1,0,2.712555187547875,0.016325175967064284
27143,MINNESOTA,SIBLEY,0,0.2859678182678656,0,2,1.1236263470430972,1.2690054955396923
27145,MINNESOTA,STEARNS,0,0.3757765073377733,0,2,1.0592859305733007,-0.5785052273353769
27147,MINNESOTA,STEELE,0,0.3747160166603559,0,2,1.487083327897378,0.44762496420682774
27149,MINNESOTA,STEVENS,0,0.3779744346116027,0,2,1.2543122337261832,0.7077294441859919
27151,MINNESOTA,SWIFT,0,0.3435393799345272,0,2,0.535862634861114,1.3482355388580345
27153,MINNESOTA,TODD,0,0.2478690503130421,0,2,0.07323291672384821,1.069889980894975
27155,MINNESOTA,TRAVERSE,0,0.3546137339055794,0,2,0.11069215203555928,1.7054343199259732
27157,MINNESOTA,WABASHA,0,0.3578450049531357,0,2,1.5847532851531179,0.8738667399815078
27159,MINNESOTA,WADENA,0,0.2635143936433503,0,2,-0.5952198846045604,1.1229536888501286
27161,MINNESOTA,WASECA,0,0.3365097699489845,0,2,1.146120055875913,0.9860357801882885
27163,MINNESOTA,WASHINGTON,1,0.5346072212295996,1,0,4.195430584094356,-2.05787391670819
27165,MINNESOTA,WATONWAN,0,0.382041915016343,0,2,0.20426304037478926,0.9102637674420423
27167,MINNESOTA,WILKIN,0,0.2991253644314869,0,2,0.6282012784292341,1.3302404192958337
27169,MINNESOTA,WINONA,1,0.4906708865417878,0,0,1.311744930122078,0.18290666807842026
27171,MINNESOTA,WRIGHT,0,0.3449154393031325,1,0,2.9557242918019733,-0.1461084475242526
27173,MINNESOTA,YELLOW MEDICINE,0,0.3053545586107091,0,2,0.9196024981512989,1.5422968079273554
28001,MISSISSIPPI,ADAMS,1,0.5754051893306199,2,1,-4.549424747260065,-2.552158711037502
28003,MISSISSIPPI,ALCORN,0,0.1761539922750585,0,2,-1.0913053494270597,0.23688616981202257
28005,MISSISSIPPI,AMITE,0,0.3640911617565314,2,1,-4.0998377780502695,-1.0692017719560543
28007,MISSISSIPPI,ATTALA,0,0.4014507537118894,2,1,-3.3352442414746957,-1.3634861464399832
28009,MISSISSIPPI,BENTON,0,0.3914665423175565,2,1,-2.1113589374200346,0.013268709935277132
28011,MISSISSIPPI,BOLIVAR,1,0.6478463329452853,2,1,-4.242479257390099,-3.1783053139902853
28013,MISSISSIPPI,CALHOUN,0,0.2886191198786039,2,1,-1.9938772649957772,-0.0632273523869413
28015,MISSISSIPPI,CARROLL,0,0.3032801262936327,2,2,-2.0852977374021058,-0.6924509204094643
28017,MISSISSIPPI,CHICKASAW,0,0.4680014740203906,2,1,-2.8439356002653398,-0.9869334520346089
28019,MISSISSIPPI,CHOCTAW,0,0.2806062041202936,2,2,-2.524342271581183,-0.6227152850781413
28021,MISSISSIPPI,CLAIBORNE,1,0.8478309732524163,2,1,-6.227666301998096,-4.304716519293118
28023,MISSISSIPPI,CLARKE,0,0.3403693931398417,2,1,-2.617877105706006,-0.6094723060171258
28025,MISSISSIPPI,CLAY,1,0.5735597212680341,2,1,-4.064259862507395,-2.6405560505510923
28027,MISSISSIPPI,COAHOMA,1,0.7081519821197506,2,1,-6.312494816211343,-4.074094645087679
28029,MISSISSIPPI,COPIAH,1,0.5022122176511682,2,1,-3.0982284664750344,-2.1489877221702436
28031,MISSISSIPPI,COVINGTON,0,0.3649572649572649,2,1,-3.0317481991055684,-0.6906680979415136
28033,MISSISSIPPI,DESOTO,0,0.3713020860700962,1,1,0.5377580820521769,-1.7453406855657174
28035,MISSISSIPPI,FORREST,0,0.4345422379478107,2,1,-2.3391675653419974,-1.9580012814001733
28037,MISSISSIPPI,FRANKLIN,0,0.3317641784353284,2,1,-2.0288568908756255,0.03593646615699253
28039,MISSISSIPPI,GEORGE,0,0.1102362204724409,2,2,-1.8786046446040168,-0.026412919085132585
28041,MISSISSIPPI,GREENE,0,0.1662078458362009,2,1,-2.852698941445002,-0.9774170670555737
28043,MISSISSIPPI,GRENADA,0,0.4338740720373935,2,1,-2.7727289405559112,-1.4475272360680165
28045,MISSISSIPPI,HANCOCK,0,0.214916257097867,0,2,0.26116506865347033,-0.09622765998949698
28047,MISSISSIPPI,HARRISON,0,0.3659592440080245,2,1,-1.1830604656048598,-1.9632126535161647
28049,MISSISSIPPI,HINDS,1,0.7355367768388419,2,1,-3.1873656523793006,-4.601756365268267
28051,MISSISSIPPI,HOLMES,1,0.811829944547135,2,1,-7.774504765106905,-4.434780200677116
28053,MISSISSIPPI,HUMPHREYS,1,0.7199809023633326,2,1,-6.989455709371027,-3.9038697849838493
28055,MISSISSIPPI,ISSAQUENA,1,0.5251479289940828,2,1,-5.056081066588637,-1.175263949540851
28057,MISSISSIPPI,ITAWAMBA,0,0.1154450503743414,0,2,0.2099781940176641,1.3741721173622061
28059,MISSISSIPPI,JACKSON,0,0.3185560016867426,2,1,-0.8860624422262071,-1.71172397489795
28061,MISSISSIPPI,JASPER,1,0.4969093406593406,2,1,-3.029891225936563,-1.5611239731384094
28063,MISSISSIPPI,JEFFERSON,1,0.8513306038894575,2,1,-5.5657501142780434,-3.8817119712035084
28065,MISSISSIPPI,JEFFERSON DAVIS,1,0.5792692741026879,2,1,-4.02907789520412,-2.0905712669448246
28067,MISSISSIPPI,JONES,0,0.283041440962414,2,1,-1.6739987605112112,-0.936851328043689
28069,MISSISSIPPI,KEMPER,1,0.6102303952652716,2,1,-5.681609929759809,-2.9586343663675825
28071,MISSISSIPPI,LAFAYETTE,0,0.4299193100798361,1,0,-0.13870897800607532,-1.490796239008497
28073,MISSISSIPPI,LAMAR,0,0.2576794804282956,2,1,-0.48776022220470405,-1.5605670574662076
28075,MISSISSIPPI,LAUDERDALE,0,0.4147598169424265,2,1,-2.1734393371090555,-1.8884297458426025
28077,MISSISSIPPI,LAWRENCE,0,0.3417510963254196,2,1,-3.311939829164695,-1.1921029202166988
28079,MISSISSIPPI,LEAKE,0,0.4235869565217391,2,1,-3.536709207995977,-1.682167046219009
28081,MISSISSIPPI,LEE,0,0.3298425069004708,2,1,-0.42695298908704604,-1.443763395266717
28083,MISSISSIPPI,LEFLORE,1,0.7021022675112457,2,1,-5.6596560092682715,-3.9114149095134407
28085,MISSISSIPPI,LINCOLN,0,0.2999821439200048,2,1,-2.113995050027433,-0.7001382003202927
28087,MISSISSIPPI,LOWNDES,0,0.4804155500899379,2,1,-2.0784324151118123,-2.2537992487769034
28089,MISSISSIPPI,MADISON,0,0.4347826086956521,1,0,1.2594399495138127,-2.988199013259305
28091,MISSISSIPPI,MARION,0,0.3109961402644329,2,1,-3.4482406572520823,-0.9872365648204253
28093,MISSISSIPPI,MARSHALL,1,0.5093886324840362,2,1,-2.8164536404024885,-1.7070273553286865
28095,MISSISSIPPI,MONROE,0,0.3403441682600382,2,1,-1.9177470747800003,-0.9092093469690559
28097,MISSISSIPPI,MONTGOMERY,0,0.4179310344827586,2,1,-3.8230729076286956,-1.6014984861953243
28099,MISSISSIPPI,NESHOBA,0,0.2785610527215243,2,1,-2.8834471278989486,-0.9500483466194525
28101,MISSISSIPPI,NEWTON,0,0.3019738780320141,2,1,-2.117932545099379,-0.6544131833384103
28103,MISSISSIPPI,NOXUBEE,1,0.7566960104888556,2,1,-5.499130233733673,-3.1659532354652433
28105,MISSISSIPPI,OKTIBBEHA,1,0.5212835956876044,2,1,-2.3480397113637457,-2.598541456238272
28107,MISSISSIPPI,PANOLA,0,0.4737313623856146,2,1,-3.157279077579364,-1.9578678254131965
28109,MISSISSIPPI,PEARL RIVER,0,0.1725960138143386,0,2,-0.6406575294370769,0.09598315636689982
28111,MISSISSIPPI,PERRY,0,0.2302231237322515,2,2,-1.7512738041694202,0.20047602104861673
28113,MISSISSIPPI,PIKE,1,0.4985584131011417,2,1,-4.258717314529749,-2.375534299597187
28115,MISSISSIPPI,PONTOTOC,0,0.1820207506441055,0,2,-0.6032492509937635,0.2109035502445858
28117,MISSISSIPPI,PRENTISS,0,0.2022735813603908,0,2,-1.1216969367270588,0.31428682536240093
28119,MISSISSIPPI,QUITMAN,1,0.666460012399256,2,1,-7.046718191986306,-3.4592751662613916
28121,MISSISSIPPI,RANKIN,0,0.2667468685867949,1,1,1.0724449311892088,-1.2972605134972464
28123,MISSISSIPPI,SCOTT,0,0.4034286779092518,2,1,-3.247379378558065,-1.242091451371057
28125,MISSISSIPPI,SHARKEY,1,0.6710948236371965,2,1,-4.972387582788129,-3.093262996497184
28127,MISSISSIPPI,SIMPSON,0,0.3416842996191282,2,1,-2.248759593655843,-1.1849576836295863
28129,MISSISSIPPI,SMITH,0,0.2150834634322084,0,1,-1.3898131040935846,0.11950912615983315
28131,MISSISSIPPI,STONE,0,0.2287382584412287,0,2,-1.3686895424783727,0.1378896228299281
28133,MISSISSIPPI,SUNFLOWER,1,0.7004441689908067,2,1,-5.219445305742984,-3.5838352180898605
28135,MISSISSIPPI,TALLAHATCHIE,1,0.5461741424802111,2,1,-4.819874217719922,-2.529359151692327
28137,MISSISSIPPI,TATE,0,0.3194836935767204,2,1,-1.1706138722803603,-0.7606082095154545
28139,MISSISSIPPI,TIPPAH,0,0.1917442090675113,2,2,-2.0170468527022285,0.19543295941657118
28141,MISSISSIPPI,TISHOMINGO,0,0.1158896913985554,0,2,-1.2158894063570427,1.370175843638037
28143,MISSISSIPPI,TUNICA,1,0.7243121841661988,2,1,-5.588607849556996,-3.44177511854636
28145,MISSISSIPPI,UNION,0,0.1703067097689821,0,2,-0.724547261551415,0.24799139535813347
28147,MISSISSIPPI,WALTHALL,0,0.3982300884955752,2,1,-2.7813512935333793,-0.997515271315424
28149,MISSISSIPPI,WARREN,1,0.4959863202393958,2,1,-2.4148191865923376,-2.3449473756056625
28151,MISSISSIPPI,WASHINGTON,1,0.6943025322079076,2,1,-5.173293627377491,-3.870101403452066
28153,MISSISSIPPI,WAYNE,0,0.360381861575179,2,1,-3.4001594597626426,-1.6266798888244371
28155,MISSISSIPPI,WEBSTER,0,0.1933271547729379,0,2,-1.181666198767992,0.17705973974736525
28157,MISSISSIPPI,WILKINSON,1,0.6661012842258299,2,1,-4.72005723360769,-2.66105129896358
28159,MISSISSIPPI,WINSTON,0,0.4374187960155911,2,1,-3.4746525225052887,-1.7405882857309942
28161,MISSISSIPPI,YALOBUSHA,0,0.4261667941851568,2,1,-2.797580105024464,-0.8034588397011728
28163,MISSISSIPPI,YAZOO,1,0.5266385588348026,2,1,-4.991593712981626,-2.7580306972927406
29001,MISSOURI,ADAIR,0,0.3589396284829721,0,2,-0.6358556161756902,0.2568772735342879
29003,MISSOURI,ANDREW,0,0.241078753076292,0,2,1.2657069527503468,0.9075334471538401
29005,MISSOURI,ATCHISON,0,0.2004264392324093,0,2,0.5574227005866208,1.6439892498449051
29007,MISSOURI,AUDRAIN,0,0.2537537537537537,0,2,-0.567101151638639,0.974301378590649
29009,MISSOURI,BARRY,0,0.1889985895627644,0,2,-0.2978392277079478,0.8260022727639321
29011,MISSOURI,BARTON,0,0.1388843179200263,0,2,-1.1120811476319017,1.0494638840217985
29013,MISSOURI,BATES,0,0.1986692015209125,0,2,-0.4093434868015953,1.2812030083301928
29015,MISSOURI,BENTON,0,0.2080946926307751,0,2,-1.074485818435768,1.0724522400327694
29017,MISSOURI,BOLLINGER,0,0.1253551729901387,0,2,-0.7853317883584842,1.568126806315666
29019,MISSOURI,BOONE,1,0.5491400491400491,1,0,1.4495067798570476,-1.5246415330074292
29021,MISSOURI,BUCHANAN,0,0.3673698016285043,0,2,0.09495780415752622,-0.002346036570896676
29023,MISSOURI,BUTLER,0,0.1819635080756297,0,2,-1.4581880603809905,0.4773418509176987
29025,MISSOURI,CALDWELL,0,0.1915847928235796,0,2,-0.06459975940739437,1.589348326763158
29027,MISSOURI,CALLAWAY,0,0.277620128641695,0,2,0.8015800521741108,0.3269378939339746
29029,MISSOURI,CAMDEN,0,0.2277930033854586,0,2,0.4557972596678371,0.6909736289059775
29031,MISSOURI,CAPE GIRARDEAU,0,0.2668121404483237,0,2,0.5458871065788852,-0.27412594613415237
29033,MISSOURI,CARROLL,0,0.1734333627537511,0,2,-0.19476505814360756,1.2722089693387826
29035,MISSOURI,CARTER,0,0.144287193648602,0,2,-0.7839326618020307,1.8182817763640433
29037,MISSOURI,CASS,0,0.3318701226309922,0,0,1.6761032320402822,-0.05581213504373361
29039,MISSOURI,CEDAR,0,0.1625496876774559,0,2,-0.9226354760289747,1.523736197721086
29041,MISSOURI,CHARITON,0,0.2246750061319598,0,2,0.20213202918088138,1.5962926549791192
29043,MISSOURI,CHRISTIAN,0,0.2376438438053758,0,0,1.6077755875501194,0.26916600194924045
29045,MISSOURI,CLARK,0,0.1997642899233942,0,2,-0.033806921068556976,1.8125002197556441
29047,MISSOURI,CLAY,0,0.4693092305382834,1,0,2.023606657844052,-0.9433674548735593
29049,MISSOURI,CLINTON,0,0.2659808963997061,0,2,1.039140651510805,1.009788913281302
29051,MISSOURI,COLE,0,0.3211313213084065,1,0,1.440471040253437,-0.58749027101504
29053,MISSOURI,COOPER,0,0.2587139077418612,0,2,0.08204518103690635,0.6282511341903748
29055,MISSOURI,CRAWFORD,0,0.1925635651143716,0,2,-1.140468451260334,1.0347388476116792
29057,MISSOURI,DADE,0,0.1592619567856275,0,2,-1.5117704580644657,1.155228502827785
29059,MISSOURI,DALLAS,0,0.1702862783810464,0,2,-0.931890784957509,1.5062016689481044
29061,MISSOURI,DAVIESS,0,0.1907440552288417,0,2,0.4455895651841207,1.6564588499653699
29063,MISSOURI,DEKALB,0,0.1920297336361759,0,2,0.8060002195807165,1.1188397591485375
29065,MISSOURI,DENT,0,0.1478577429291515,0,2,-0.7919966818708555,1.2314777666726564
29067,MISSOURI,DOUGLAS,0,0.1451428571428571,0,2,-0.47610218897074275,1.5836582818923441
29069,MISSOURI,DUNKLIN,0,0.2111527017947979,2,2,-2.101846616000497,0.25195130866173115
29071,MISSOURI,FRANKLIN,0,0.2713793424606501,0,0,1.076245645517859,0.5164574510709947
29073,MISSOURI,GASCONADE,0,0.2020699230089612,0,2,1.162762363623253,1.3364428971935192
29075,MISSOURI,GENTRY,0,0.189372876119864,0,2,0.10551833751837275,1.7027319437583426
29077,MISSOURI,GREENE,0,0.3883497884344146,0,2,0.7182880781935936,-0.3949623959974349
29079,MISSOURI,GRUNDY,0,0.1800766283524904,0,2,-0.34022773870638384,1.267372725114007
29081,MISSOURI,HARRISON,0,0.1560376372190277,0,2,-0.7024583340506789,1.7358374534631282
29083,MISSOURI,HENRY,0,0.2427697441601779,0,2,-0.5530902231307755,1.052355811800777
29085,MISSOURI,HICKORY,0,0.2078740157480315,0,2,-1.5919010764109753,1.4501298266173712
29087,MISSOURI,HOLT,0,0.1442594963721724,0,2,0.4484670634011491,1.8497389275861467
29089,MISSOURI,HOWARD,0,0.2774941084053417,0,2,0.7369560174892903,0.9441318782818121
29091,MISSOURI,HOWELL,0,0.1725469168900804,0,2,-1.0163834313940452,0.9631938932362839
29093,MISSOURI,IRON,0,0.2057926829268292,0,2,-1.3465321262025138,1.4697971616078374
29095,MISSOURI,JACKSON,0,0.4693154395218361,1,0,0.40152680943287156,-2.166127692233697
29097,MISSOURI,JASPER,0,0.2588057762836185,0,2,-0.047681403529760046,0.10724969352154581
29099,MISSOURI,JEFFERSON,0,0.3215669134786781,0,0,1.3960066192671756,0.07074748944752841
29101,MISSOURI,JOHNSON,0,0.3016044630886995,0,2,0.788826507669598,0.0832399288029198
29103,MISSOURI,KNOX,0,0.1833872707659115,0,2,-0.7894337719502086,1.8993360996808788
29105,MISSOURI,LACLEDE,0,0.1655451676293693,0,2,-0.502705508610906,0.911374755709287
29107,MISSOURI,LAFAYETTE,0,0.262210495455878,0,2,0.9779997137233227,0.8296821602618416
29109,MISSOURI,LAWRENCE,0,0.1795029321418598,0,2,-0.9503836913744749,0.7895647632906699
29111,MISSOURI,LEWIS,0,0.2134953352137123,0,2,-0.9537629993251533,1.3373817415623555
29113,MISSOURI,LINCOLN,0,0.2276862636983941,0,2,1.0416864658574183,0.6288090447902553
29115,MISSOURI,LINN,0,0.2226685295144952,0,2,0.23350604110796755,1.5805024128786662
29117,MISSOURI,LIVINGSTON,0,0.2086416099437703,0,2,0.5210875578362711,1.300357957597175
29119,MISSOURI,MCDONALD,0,0.1589528333149232,0,2,-1.0629625503342783,0.715515015243196
29121,MISSOURI,MACON,0,0.2120980091883614,0,2,-0.13262394644480005,1.2265660042879256
29123,MISSOURI,MADISON,0,0.1795278365045806,0,2,-0.21943508761871264,1.523574832695533
29125,MISSOURI,MARIES,0,0.1706141270173967,0,2,-0.7355401487459272,1.3522980607753896
29127,MISSOURI,MARION,0,0.2398861252622115,0,2,0.21456362819568053,0.611188943537303
29129,MISSOURI,MERCER,0,0.1247892074198988,0,2,0.14802843463397086,1.8057692841820485
29131,MISSOURI,MILLER,0,0.1645937651429494,0,2,-0.08309766902460149,0.951098449364005
29133,MISSOURI,MISSISSIPPI,0,0.2476871320437342,2,2,-2.768527066744721,-0.16339886845099164
29135,MISSOURI,MONITEAU,0,0.1827581388850077,0,2,0.5140369190460382,1.1188489722921253
29137,MISSOURI,MONROE,0,0.2087887575284407,0,2,-0.31222381296320495,1.7081427697375577
29139,MISSOURI,MONTGOMERY,0,0.2092862092862092,0,2,0.1218540143948507,1.513227414363639
29141,MISSOURI,MORGAN,0,0.2028038368293454,0,2,-0.7901814340030316,1.3153227830281482
29143,MISSOURI,NEW MADRID,0,0.241103448275862,2,2,-1.9840320161828542,0.4091364679272685
29145,MISSOURI,NEWTON,0,0.2048230945256116,0,2,0.27540291530065525,0.29089075096678835
29147,MISSOURI,NODAWAY,0,0.2883857272819165,0,2,0.0388470844093013,0.9263640294458071
29149,MISSOURI,OREGON,0,0.1736653302384469,0,2,-1.6630457424825587,1.5540401261657624
29151,MISSOURI,OSAGE,0,0.1375513993898395,0,2,1.3372390886591285,1.5926504986171957
29153,MISSOURI,OZARK,0,0.1546052631578947,0,2,-1.5837612982932154,1.6604342033230088
29155,MISSOURI,PEMISCOT,0,0.2720139494333042,2,1,-4.036276766666386,-0.773047152914544
29157,MISSOURI,PERRY,0,0.1761405737271091,0,2,0.7758906216173234,1.1011198220988712
29159,MISSOURI,PETTIS,0,0.2504581871498141,0,2,-0.1625031557901585,0.6606924346487058
29161,MISSOURI,PHELPS,0,0.2880723630417007,0,2,0.11038534988003257,-0.05363569727462405
29163,MISSOURI,PIKE,0,0.2231319038336582,0,2,-0.5654817857384044,0.980332383804141
29165,MISSOURI,PLATTE,0,0.4745765671381177,1,0,3.07764898014886,-1.1075547156486347
29167,MISSOURI,POLK,0,0.1915161975570897,0,2,0.20977778600058003,1.1850849610083258
29169,MISSOURI,PULASKI,0,0.2594699597613431,0,2,0.6080726918849368,-0.46294527418764303
29171,MISSOURI,PUTNAM,0,0.1529013130029648,0,2,-0.2009131733318428,1.5676947217131365
29173,MISSOURI,RALLS,0,0.2128223242670434,0,2,-0.1418987952917078,1.2159297522198214
29175,MISSOURI,RANDOLPH,0,0.2312918838421444,0,2,-0.14418813842608902,0.743729258208952
29177,MISSOURI,RAY,0,0.2668898617907116,0,2,0.686977685199166,1.1834137577205548
29179,MISSOURI,REYNOLDS,0,0.1604002425712553,0,2,-1.355290197319669,1.2445756696021333
29181,MISSOURI,RIPLEY,0,0.1457057897498688,0,2,-1.5300389277567288,1.5005777331337466
29183,MISSOURI,ST. CHARLES,0,0.4032574082164879,1,0,3.5037960924469855,-1.2334634301763878
29185,MISSOURI,ST. CLAIR,0,0.1986328910333735,0,2,-0.5757707684649844,1.7185835105364802
29186,MISSOURI,STE. GENEVIEVE,0,0.2860607338675664,0,2,0.7112360346053669,1.0871282944151572
29187,MISSOURI,ST. FRANCOIS,0,0.2515624441984215,0,2,-0.2541913924931245,0.7898750348244734
29189,MISSOURI,ST. LOUIS COUNTY,1,0.6117130149166925,1,0,1.9772538937843172,-3.113562166418041
29195,MISSOURI,SALINE,0,0.3050740624015127,0,2,0.03665176829695551,0.7129281292055022
29197,MISSOURI,SCHUYLER,0,0.1862206689965052,0,2,-0.46052328063188835,2.3046405650472037
29199,MISSOURI,SCOTLAND,0,0.1955645161290322,0,2,0.13566722740942042,2.164460422054299
29201,MISSOURI,SCOTT,0,0.2118065353575258,0,2,-0.556815572618599,0.37767773926791415
29203,MISSOURI,SHANNON,0,0.180747567844342,0,2,-1.6489324453613188,1.6183840589541296
29205,MISSOURI,SHELBY,0,0.1767164179104477,0,2,-0.01479639053658487,1.8294805435845158
29207,MISSOURI,STODDARD,0,0.1354833904364665,0,2,-0.819380469214968,1.2609410532432226
29209,MISSOURI,STONE,0,0.1896878212411405,0,2,-0.0021328280331635936,0.6263722487129503
29211,MISSOURI,SULLIVAN,0,0.1934439498178874,0,2,-0.4509469499237412,1.695040147648439
29213,MISSOURI,TANEY,0,0.203096469872185,0,2,0.03263821118261044,0.5797447959625514
29215,MISSOURI,TEXAS,0,0.1516570923552806,0,2,-1.36186042136075,0.7214149172774474
29217,MISSOURI,VERNON,0,0.2071856287425149,0,2,-0.15717911039295876,1.2931637013812756
29219,MISSOURI,WARREN,0,0.2595374149659863,0,2,0.7152338065038171,0.6528471476210644
29221,MISSOURI,WASHINGTON,0,0.1808340016038492,0,2,-1.361701968164235,1.033287710122634
29223,MISSOURI,WAYNE,0,0.1437563797209935,0,2,-2.1560854514597354,1.1110428864487096
29225,MISSOURI,WEBSTER,0,0.1902657223494328,0,2,0.022672744336816812,0.8672345265774345
29227,MISSOURI,WORTH,0,0.1942186088527552,0,2,-0.07826624173705216,2.2388014051114715
29229,MISSOURI,WRIGHT,0,0.1336537361254148,0,2,-1.5418694537356674,1.296914995875356
29510,MISSOURI,ST. LOUIS CITY,1,0.8223759402989534,2,1,-1.0960357642372218,-3.616013559107971
30001,MONTANA,BEAVERHEAD,0,0.2840487546369899,0,0,0.3976268128710726,1.1629325415156768
30003,MONTANA,BIG HORN,1,0.5206939799331104,2,1,-3.6191424555648273,-1.6922729278156161
30005,MONTANA,BLAINE,1,0.5097850497273019,2,1,-3.336721930272288,-1.1102929264440897
30007,MONTANA,BROADWATER,0,0.2038076641444959,0,0,0.24170580046417392,0.774734196823736
30009,MONTANA,CARBON,0,0.3433068633011911,0,0,1.2850859945289688,0.7854394052561693
30011,MONTANA,CARTER,0,0.0856481481481481,0,2,-0.07997608181978533,2.2905683627578313
30013,MONTANA,CASCADE,0,0.387514103046258,0,2,0.7215609894300324,0.24074170764743125
30015,MONTANA,CHOUTEAU,0,0.3342327150084317,0,2,-0.035686656920592884,0.7709655863421847
30017,MONTANA,CUSTER,0,0.2583617747440273,0,2,0.9552388576656523,1.0642797019313246
30019,MONTANA,DANIELS,0,0.1923076923076923,0,2,1.202045273763018,1.922785541307121
30021,MONTANA,DAWSON,0,0.1993782383419689,0,2,0.8033274503614246,1.3973139182201662
30023,MONTANA,DEER LODGE,1,0.5238192598650583,0,2,-0.7654810603572119,1.1735710730681086
30025,MONTANA,FALLON,0,0.1092063492063492,0,2,1.111099118250044,1.9134934990362207
30027,MONTANA,FERGUS,0,0.2299062548025203,0,0,0.3782536417625716,0.9681987101270543
30029,MONTANA,FLATHEAD,0,0.3382608115323011,0,0,1.458973525978807,0.17442979967806171
30031,MONTANA,GALLATIN,1,0.5219008439115794,1,0,2.744398037961079,-0.40214823214450923
30033,MONTANA,GARFIELD,0,0.050430504305043,0,2,0.9241387815119326,2.8547565440456752
30035,MONTANA,GLACIER,1,0.6426918283781378,2,1,-2.8809429979882464,-0.9949474527777638
30037,MONTANA,GOLDEN VALLEY,0,0.1550695825049702,0,2,-0.15783788611874017,2.0228896377062373
30039,MONTANA,GRANITE,0,0.3035204567078972,0,0,0.8858045317022478,1.432757498110274
30041,MONTANA,HILL,0,0.4150654413812308,0,2,-0.5935648150667444,0.015927420307348738
30043,MONTANA,JEFFERSON,0,0.3220463746779536,0,0,2.1728945894530725,0.7157351783136067
30045,MONTANA,JUDITH BASIN,0,0.2046130952380952,0,2,0.1149471635245615,1.8391273780414974
30047,MONTANA,LAKE,0,0.4159749789486346,0,2,-0.2881529926906952,-0.45795170322807416
30049,MONTANA,LEWIS AND CLARK,0,0.4671240979533893,1,0,2.2646264442473116,-0.05710716057944214
30051,MONTANA,LIBERTY,0,0.2299168975069252,0,2,-0.049041497301458625,2.261551156746222
30053,MONTANA,LINCOLN,0,0.2413382140120882,0,2,-0.9508436511420533,0.7597800962824819
30055,MONTANA,MCCONE,0,0.1374113475177305,0,2,1.151080731415637,1.8907256283847997
30057,MONTANA,MADISON,0,0.2909479218005585,0,0,1.665282846856808,1.1030327105495958
30059,MONTANA,MEAGHER,0,0.2324324324324324,0,2,0.6530646802783113,1.939064893336594
30061,MONTANA,MINERAL,0,0.2676550916894264,0,2,-0.6450340425001468,1.095067615990097
30063,MONTANA,MISSOULA,1,0.6064340163647808,1,0,1.566188573237405,-0.5886515616391421
30065,MONTANA,MUSSELSHELL,0,0.1433530024297119,0,2,-0.4561741995365529,1.3291938630200313
30067,MONTANA,PARK,0,0.4565104616980805,0,0,1.3584082034656721,0.9698638718926043
30069,MONTANA,PETROLEUM,0,0.1120689655172413,0,2,0.27527253315609046,1.891992409585271
30071,MONTANA,PHILLIPS,0,0.1746431570109152,0,2,-0.2362121436008314,1.2609910618005522
30073,MONTANA,PONDERA,0,0.3015025041736227,0,2,-0.8864094638140287,0.4437717360528263
30075,MONTANA,POWDER RIVER,0,0.1355633802816901,0,2,0.8267813094905636,2.0119799616930667
30077,MONTANA,POWELL,0,0.2365523749606794,0,2,0.6405704224602217,1.6593958074333326
30079,MONTANA,PRAIRIE,0,0.1693548387096774,0,2,0.3537204082143953,1.8582552636912963
30081,MONTANA,RAVALLI,0,0.307398182902445,0,2,0.7855239804768666,0.35808586156504
30083,MONTANA,RICHLAND,0,0.1509141083132114,0,2,1.159738537982823,1.388694920052664
30085,MONTANA,ROOSEVELT,0,0.475479213343291,2,1,-3.343322465917659,-1.2739893091862902
30087,MONTANA,ROSEBUD,0,0.3177842565597668,0,2,-0.9291332082494428,-0.1607379371688363
30089,MONTANA,SANDERS,0,0.2387824717921805,0,2,-0.47678228631372915,1.1793269284151702
30091,MONTANA,SHERIDAN,0,0.2827586206896552,0,2,0.8948033407407415,1.6789767980119112
30093,MONTANA,SILVER BOW,1,0.5569728802658377,0,2,0.17718679493690245,0.5413875050978969
30095,MONTANA,STILLWATER,0,0.2019566736547868,0,2,1.5963489793378078,1.1163356632875272
30097,MONTANA,SWEET GRASS,0,0.2244480784955028,0,2,1.3626231880379793,2.0513446161908098
30099,MONTANA,TETON,0,0.2737156836096765,0,2,0.8449129478355266,1.5581820215238635
30101,MONTANA,TOOLE,0,0.2203869749882019,0,2,0.5784745220286562,1.46954983628068
30103,MONTANA,TREASURE,0,0.1695652173913043,0,2,0.8970174106803276,2.2727394078458834
30105,MONTANA,VALLEY,0,0.2417272940624266,0,2,-0.35225453146364333,0.9860567942377735
30107,MONTANA,WHEATLAND,0,0.2106741573033707,0,2,-0.6212475821969181,2.1725844593680144
30109,MONTANA,WIBAUX,0,0.12876254180602,0,2,0.8705913484762913,2.4498470503061873
30111,MONTANA,YELLOWSTONE,0,0.3660061321148638,1,0,1.733787194711339,-0.10424344689308206
31001,NEBRASKA,ADAMS,0,0.2885221202574989,0,2,1.027995960806746,0.7895997402917138
31003,NEBRASKA,ANTELOPE,0,0.1261512698855707,0,2,0.5988043103499625,1.848802568986621
31005,NEBRASKA,ARTHUR,0,0.0739436619718309,0,2,0.4457271451659207,2.6973705597191584
31007,NEBRASKA,BANNER,0,0.1048780487804878,0,2,1.482558885406452,2.313709736584887
31009,NEBRASKA,BLAINE,0,0.1104100946372239,0,2,1.5986804829827224,2.812867893850074
31011,NEBRASKA,BOONE,0,0.1551134597451041,0,2,1.3571062911956047,1.951002662309854
31013,NEBRASKA,BOX BUTTE,0,0.2028565913916232,0,2,0.2916017640279979,0.9263499289821769
31015,NEBRASKA,BOYD,0,0.1170858629661752,0,2,0.6716503004547726,2.152568901163058
31017,NEBRASKA,BROWN,0,0.1137581893984514,0,2,0.7572878335088135,2.164232457014885
31019,NEBRASKA,BUFFALO,0,0.2691932680486668,0,0,1.5344474105926174,0.28224311196695434
31021,NEBRASKA,BURT,0,0.28491021173948,0,2,0.25336881592021754,1.3453057212665411
31023,NEBRASKA,BUTLER,0,0.194086260560249,0,2,1.377885023000589,1.6341517742557627
31025,NEBRASKA,CASS,0,0.3099319549856059,0,2,2.1674610602185647,0.7512239882136346
31027,NEBRASKA,CEDAR,0,0.1451160928742994,0,2,1.4864767803265917,1.6831082686139351
31029,NEBRASKA,CHASE,0,0.1133968891118916,0,2,0.7721525247612046,1.5521379017521792
31031,NEBRASKA,CHERRY,0,0.1142419601837672,0,2,1.237717586775377,1.453981084447759
31033,NEBRASKA,CHEYENNE,0,0.1794333683105981,0,2,0.8301277493312386,1.2644350476104647
31035,NEBRASKA,CLAY,0,0.177627880831928,0,2,0.9289674273884461,1.5471054481040756
31037,NEBRASKA,COLFAX,0,0.2757600215227334,0,2,0.5082397729200675,0.9948633121056314
31039,NEBRASKA,CUMING,0,0.195461694001348,0,2,1.323189072964874,1.413897016675267
31041,NEBRASKA,CUSTER,0,0.131153011847155,0,2,0.9243014884350985,1.3924348718096375
31043,NEBRASKA,DAKOTA,0,0.4038857815719753,0,2,-0.16552388063970744,-0.41828323320237987
31045,NEBRASKA,DAWES,0,0.2625576316428051,0,0,0.9837250707523737,0.9798505162545141
31047,NEBRASKA,DAWSON,0,0.2720636304205709,0,2,0.17238762138182476,0.6367549334871049
31049,NEBRASKA,DEUEL,0,0.1366279069767441,0,2,0.4063847373865824,1.921640320525446
31051,NEBRASKA,DIXON,0,0.2111579630230295,0,2,0.9025662192759475,1.5764120088359779
31053,NEBRASKA,DODGE,0,0.328513865844987,0,2,0.6263909894067672,0.7787022889999833
31055,NEBRASKA,DOUGLAS,1,0.5468247069477834,1,0,1.9339199907055704,-1.9338794404753454
31057,NEBRASKA,DUNDY,0,0.1051051051051051,0,2,0.8786271776815866,2.2032537732000015
31059,NEBRASKA,FILLMORE,0,0.2211231652839821,0,2,1.6763589718824272,1.6733184157074543
31061,NEBRASKA,FRANKLIN,0,0.1600928074245939,0,2,0.32458870741640206,2.1202169028244815
31063,NEBRASKA,FRONTIER,0,0.13125,0,2,0.5975504805966122,1.6281823324273847
31065,NEBRASKA,FURNAS,0,0.1534025374855824,0,2,0.9307560160597894,1.9882652011877315
31067,NEBRASKA,GAGE,0,0.3058366461872063,0,2,0.6620377410482036,1.302201905563841
31069,NEBRASKA,GARDEN,0,0.1347280334728033,0,2,0.6173947441639593,2.2468763645278718
31071,NEBRASKA,GARFIELD,0,0.1237209302325581,0,2,1.5044392997778215,2.0667104027761694
31073,NEBRASKA,GOSPER,0,0.1923076923076923,0,2,2.080665170072935,1.7897401612668353
31075,NEBRASKA,GRANT,0,0.0497512437810945,0,2,-0.1345658110887354,2.5701415442012907
31077,NEBRASKA,GREELEY,0,0.1820349761526232,0,2,0.11988882427237382,2.318165263726517
31079,NEBRASKA,HALL,0,0.3151308771641913,0,2,0.5526767885472322,0.0877304797274198
31081,NEBRASKA,HAMILTON,0,0.2020603650822338,0,2,1.8641827670756728,1.2669941592801082
31083,NEBRASKA,HARLAN,0,0.1462655601659751,0,2,0.9524167599506952,1.7381755318607888
31085,NEBRASKA,HAYES,0,0.0636704119850187,0,2,0.37735243843911,2.5798522439842597
31087,NEBRASKA,HITCHCOCK,0,0.1191286589516678,0,2,0.08015228832916349,2.2643806984758172
31089,NEBRASKA,HOLT,0,0.1238938053097345,0,2,1.649234942088009,1.5937266520803912
31091,NEBRASKA,HOOKER,0,0.1334841628959276,0,2,0.2532153507987709,2.1224104512595177
31093,NEBRASKA,HOWARD,0,0.1850899742930591,0,2,1.1197942360174846,1.4913009560143173
31095,NEBRASKA,JEFFERSON,0,0.2734122712594187,0,2,0.5922740785925107,1.8376324440733722
31097,NEBRASKA,JOHNSON,0,0.2902646926873037,0,2,0.6247520266435357,1.272966508006944
31099,NEBRASKA,KEARNEY,0,0.1945061043285238,0,2,1.3112290581213564,1.4306315822051592
31101,NEBRASKA,KEITH,0,0.174839596700275,0,2,0.07716728578449157,1.3503945704705564
31103,NEBRASKA,KEYA PAHA,0,0.0926275992438563,0,2,1.360304792913218,2.5719550128240303
31105,NEBRASKA,KIMBALL,0,0.1430096051227321,0,2,-0.5640344608578143,1.6386184256190648
31107,NEBRASKA,KNOX,0,0.1926761762827336,0,2,0.4870019096714269,1.2615882741323965
31109,NEBRASKA,LANCASTER,1,0.5272116906163712,1,0,1.958929347664333,-1.1727849881219607
31111,NEBRASKA,LINCOLN,0,0.2158180861635587,0,2,1.079508304247545,0.8185125252828523
31113,NEBRASKA,LOGAN,0,0.0844444444444444,0,2,0.531504620135148,2.730037917086071
31115,NEBRASKA,LOUP,0,0.1651982378854625,0,2,0.5903938674777746,2.6261772806566808
31117,NEBRASKA,MCPHERSON,0,0.0562913907284768,0,2,0.7203086492604467,2.6713853172857447
31119,NEBRASKA,MADISON,0,0.220615287028227,0,2,0.5283789458231145,0.5622723964349189
31121,NEBRASKA,MERRICK,0,0.1745360582569884,0,2,0.5506465472111574,1.5926986938834133
31123,NEBRASKA,MORRILL,0,0.1509581540868205,0,2,0.1374893874481213,1.3796028881404026
31125,NEBRASKA,NANCE,0,0.1963894967177243,0,2,0.1732781681697272,1.8268964717024894
31127,NEBRASKA,NEMAHA,0,0.2690622261174408,0,2,0.09944550992368667,1.0108546417420927
31129,NEBRASKA,NUCKOLLS,0,0.177594442032132,0,2,1.0927363464466775,1.7164976330680104
31131,NEBRASKA,OTOE,0,0.2994588093806374,0,2,1.1601730083911743,1.0151234254343835
31133,NEBRASKA,PAWNEE,0,0.225332400279916,0,2,-0.9286413948082874,1.9185122252507594
31135,NEBRASKA,PERKINS,0,0.1288860103626943,0,2,1.6769769188683379,1.98809589360601
31137,NEBRASKA,PHELPS,0,0.1501297664204432,0,2,1.2611789989087034,1.543941391877866
31139,NEBRASKA,PIERCE,0,0.1198202695956065,0,2,1.031440084846189,1.485572957207739
31141,NEBRASKA,PLATTE,0,0.2080010208639061,0,2,1.4006714878634097,0.8627519346007424
31143,NEBRASKA,POLK,0,0.1840916985064258,0,2,0.4371485635342746,1.4456077442023354
31145,NEBRASKA,RED WILLOW,0,0.1487527512839325,0,2,0.3425307900377986,1.2926522141855996
31147,NEBRASKA,RICHARDSON,0,0.2413960252060106,0,2,0.005213095772531698,1.563248624025968
31149,NEBRASKA,ROCK,0,0.0998810939357907,0,2,1.3155655454667854,2.147515951177493
31151,NEBRASKA,SALINE,0,0.3441941074523397,0,2,0.6204800253826112,0.7902454714904779
31153,NEBRASKA,SARPY,0,0.4306962256854076,1,0,3.030086573366247,-0.9550375819628034
31155,NEBRASKA,SAUNDERS,0,0.2615626226933647,0,2,2.097524252610445,1.0352931236300749
31157,NEBRASKA,SCOTTS BLUFF,0,0.2712521817829206,0,2,0.3918607834965723,0.59185002681434
31159,NEBRASKA,SEWARD,0,0.2666812513673157,0,2,2.019293184474008,0.9849842451902758
31161,NEBRASKA,SHERIDAN,0,0.1272455089820359,0,2,-0.3300509012451369,1.194884177622259
31163,NEBRASKA,SHERMAN,0,0.202002355712603,0,2,0.6415793405215691,1.7583536003475084
31165,NEBRASKA,SIOUX,0,0.0987654320987654,0,2,0.5065039562983192,2.0058586195461894
31167,NEBRASKA,STANTON,0,0.1683011705156596,0,2,1.3296154602242474,1.6541356169937396
31169,NEBRASKA,THAYER,0,0.2093959731543624,0,2,0.7698305007536744,1.864502651973208
31171,NEBRASKA,THOMAS,0,0.1053864168618267,0,2,0.8413011015688442,2.3647997886312897
31173,NEBRASKA,THURSTON,0,0.4825806451612903,2,1,-2.57706809268003,-1.1769468325217975
31175,NEBRASKA,VALLEY,0,0.176068376068376,0,2,1.408930182957537,1.875810663490204
31177,NEBRASKA,WASHINGTON,0,0.2863127366470636,0,2,2.1151035086656313,0.821895370759567
31179,NEBRASKA,WAYNE,0,0.2433333333333333,0,2,1.090053452600511,1.1646990691798687
31181,NEBRASKA,WEBSTER,0,0.1785714285714285,0,2,0.9173919134031718,1.9871610129099626
31183,NEBRASKA,WHEELER,0,0.1175298804780876,0,2,0.8814314843874402,2.48532806275478
31185,NEBRASKA,YORK,0,0.2281954360912781,0,2,1.3907719477702116,1.0291133362601734
32001,NEVADA,CHURCHILL,0,0.2366275910255414,0,2,0.16261700457318037,0.011574536449123676
32003,NEVADA,CLARK,1,0.5366375675197571,1,0,0.8718768158413077,-3.787841543768753
32005,NEVADA,DOUGLAS,0,0.3391271213764399,1,0,2.141046463796479,-0.24902409014506774
32007,NEVADA,ELKO,0,0.2074509268114951,0,2,1.0229815801182216,-0.0201604338598418
32009,NEVADA,ESMERALDA,0,0.15,0,2,-0.564437194658238,2.498962366517711
32011,NEVADA,EUREKA,0,0.1031746031746031,0,2,0.312038570162485,2.1911156020918807
32013,NEVADA,HUMBOLDT,0,0.2173465448462231,0,2,0.4093249717725018,0.5896664028502454
32015,NEVADA,LANDER,0,0.179385171790235,0,2,-0.17315013287202238,0.8681098216219048
32017,NEVADA,LINCOLN,0,0.1349141455437449,0,2,0.46665667383375686,1.0925403108625356
32019,NEVADA,LYON,0,0.2802606768335042,0,2,-0.03677497196628558,0.042489111903952624
32021,NEVADA,MINERAL,0,0.3541039965620971,2,2,-2.8813753833244142,0.10125324995746968
32023,NEVADA,NYE,0,0.2871610970996217,0,2,-1.0844809424408797,-0.05786436744084427
32027,NEVADA,PERSHING,0,0.2357758620689655,0,2,-0.44730201010518816,0.32924399228531803
32029,NEVADA,STOREY,0,0.3138075313807531,0,0,1.35175579720478,0.6362516144133371
32031,NEVADA,WASHOE,1,0.5082315959929512,1,0,1.776488692148601,-1.9392433515427885
32033,NEVADA,WHITE PINE,0,0.1961952784781113,0,2,0.3214769205860339,1.0569494279594254
32510,NEVADA,CARSON CITY,0,0.4282255623928175,0,2,0.9042604397602821,-0.2547931719682311
33001,NEW HAMPSHIRE,BELKNAP,0,0.4400510536323617,0,0,1.9886550907644602,0.2139675682645006
33003,NEW HAMPSHIRE,CARROLL,1,0.501158905511574,1,0,2.0109269757276653,-0.038754806154545324
33005,NEW HAMPSHIRE,CHESHIRE,1,0.5771596562641339,0,0,1.8920115509069815,0.14770009061005934
33007,NEW HAMPSHIRE,COOS,0,0.4626097487132909,0,2,0.35600465537741316,0.8823023273437465
33009,NEW HAMPSHIRE,GRAFTON,1,0.6148315606122373,1,0,2.580866305667158,-0.6244748302262161
33011,NEW HAMPSHIRE,HILLSBOROUGH,1,0.5297630130639427,1,0,3.094072121647788,-1.5105229462465324
33013,NEW HAMPSHIRE,MERRIMACK,1,0.5404264795946774,1,0,2.82784600578936,-0.4781748943106061
33015,NEW HAMPSHIRE,ROCKINGHAM,1,0.5033451040754937,1,0,3.9190461637667418,-1.0430469698751839
33017,NEW HAMPSHIRE,STRAFFORD,1,0.5668922224033915,1,0,2.347310349212018,-0.6135229138700551
33019,NEW HAMPSHIRE,SULLIVAN,1,0.5082034454470877,0,0,1.6990267757741384,0.5624524925858955
34001,NEW JERSEY,ATLANTIC,1,0.5270832887003593,1,0,0.5185838643937141,-3.015017862551525
34003,NEW JERSEY,BERGEN,1,0.5767219455923074,1,0,5.087452051142376,-5.0176508961775745
34005,NEW JERSEY,BURLINGTON,1,0.5911922507715194,1,0,2.8194070377462905,-2.8180066537841686
34007,NEW JERSEY,CAMDEN,1,0.6615813102760226,1,0,1.0461615266941249,-3.0460644340489655
34009,NEW JERSEY,CAPE MAY,0,0.4148213605017846,1,0,1.6257787444590632,-0.5427208102273372
34011,NEW JERSEY,CUMBERLAND,1,0.5246442763748237,2,1,-1.021879215364523,-1.4716437153330584
34013,NEW JERSEY,ESSEX,1,0.7726947592170537,1,0,-0.19672773492652895,-4.506622542408519
34015,NEW JERSEY,GLOUCESTER,1,0.5021719740058151,1,0,2.5313166004945016,-1.726646905170202
34017,NEW JERSEY,HUDSON,1,0.7262437462477487,1,0,2.574351002465527,-5.163267375891206
34019,NEW JERSEY,HUNTERDON,0,0.4683768191638375,1,0,5.129166912217491,-2.0187788819622448
34021,NEW JERSEY,MERCER,1,0.6938234694570904,1,0,2.461996121328292,-4.30618853122413
34023,NEW JERSEY,MIDDLESEX,1,0.6043615537901817,1,0,4.325742803566715,-6.519057760712855
34025,NEW JERSEY,MONMOUTH,0,0.4794143080409677,1,0,4.040843344413592,-2.7779129686840536
34027,NEW JERSEY,MORRIS,1,0.5140985293429818,1,0,5.42838931807225,-3.8231621684708865
34029,NEW JERSEY,OCEAN,0,0.3497815622108481,1,0,1.9176523409537933,-1.0236542620835742
34031,NEW JERSEY,PASSAIC,1,0.5770807350686389,1,0,0.9365877897635639,-2.7301528180387904
34033,NEW JERSEY,SALEM,0,0.4268321443311125,0,2,-0.03471066871649774,-0.6754247147714626
34035,NEW JERSEY,SOMERSET,1,0.5981577432354634,1,0,5.63741286936582,-5.495380282102389
34037,NEW JERSEY,SUSSEX,0,0.3920077307867212,1,0,3.257465931623005,-0.9824038537840125
34039,NEW JERSEY,UNION,1,0.672929076528414,1,0,1.7785125836522306,-3.5116298900835976
34041,NEW JERSEY,WARREN,0,0.4096435093029759,1,0,2.3733233800688134,-1.0551796107065687
35001,NEW MEXICO,BERNALILLO,1,0.6100853301426368,1,0,0.7517353369443232,-1.7581974528295476
35003,NEW MEXICO,CATRON,0,0.2558039552880481,0,2,-1.5942484909027201,1.627848731347365
35005,NEW MEXICO,CHAVES,0,0.2843202780376955,0,2,-0.7330048448717859,0.19545292088168886
35006,NEW MEXICO,CIBOLA,1,0.5329664158148939,2,1,-2.83872463825447,-1.1964883232780088
35007,NEW MEXICO,COLFAX,0,0.4340093085106383,0,2,-1.013614067083829,0.8743863585167657
35009,NEW MEXICO,CURRY,0,0.2852128998079597,2,2,-1.1496981498819185,-0.6222921568360202
35011,NEW MEXICO,DE BACA,0,0.2563817980022198,2,2,-2.9058964098708127,0.27358855928229586
35013,NEW MEXICO,DONA ANA,1,0.5803051753972,0,2,-1.0787284613284018,-0.8332010496885033
35015,NEW MEXICO,EDDY,0,0.2335716131254844,0,2,0.256279717216122,0.26290236542238293
35017,NEW MEXICO,GRANT,1,0.5258053342570143,0,2,-1.4986543366650382,0.12365805674493409
35019,NEW MEXICO,GUADALUPE,1,0.5637277295568753,0,2,-1.8481986566094901,1.129659126205385
35021,NEW MEXICO,HARDING,0,0.3544554455445544,0,2,-0.7858846212252054,1.7250552737020368
35023,NEW MEXICO,HIDALGO,0,0.4169199594731509,0,2,-1.4223161237342625,1.0292348188532034
35025,NEW MEXICO,LEA,0,0.1941390190266756,0,2,-0.43255898406412013,-0.04188560331962233
35027,NEW MEXICO,LINCOLN,0,0.3099165534640015,0,2,0.1217428136740576,0.7321925400008462
35028,NEW MEXICO,LOS ALAMOS,1,0.6144960546652567,1,0,5.5594930268496014,-2.0265804120965942
35029,NEW MEXICO,LUNA,0,0.4397136862890287,2,2,-2.4407734659469327,0.43118089212513283
35031,NEW MEXICO,MCKINLEY,1,0.6806992373329306,2,1,-4.69536800470632,-2.5619114875846
35033,NEW MEXICO,MORA,1,0.6496649292628444,2,2,-2.6695789069868745,0.11336190818589677
35035,NEW MEXICO,OTERO,0,0.3599762419922786,0,2,-1.1784934033577281,-0.3931734619905159
35037,NEW MEXICO,QUAY,0,0.3020914020139427,0,2,-1.2127534805271967,1.2301751721267578
35039,NEW MEXICO,RIO ARRIBA,1,0.6609333654077459,2,1,-1.9415370390590427,-0.7756351047388257
35041,NEW MEXICO,ROOSEVELT,0,0.2726997578692494,2,2,-1.8555312335436258,0.024666911500060732
35043,NEW MEXICO,SANDOVAL,1,0.5301324416812518,1,2,0.7888026357130908,-1.204334094560414
35045,NEW MEXICO,SAN JUAN,0,0.3457949286725054,2,1,-1.8438013305525969,-1.2203089247099932
35047,NEW MEXICO,SAN MIGUEL,1,0.6840690313069118,2,2,-1.8832230383094695,-0.39046844093104593
35049,NEW MEXICO,SANTA FE,1,0.7604558113515025,1,0,1.5291749145060543,-0.9972610015038592
35051,NEW MEXICO,SIERRA,0,0.3809924306139613,0,2,-1.6245897502249913,0.5578437156461926
35053,NEW MEXICO,SOCORRO,1,0.5198324022346369,2,2,-1.7497867808308118,0.06807531007940988
35055,NEW MEXICO,TAOS,1,0.7636924509632734,0,2,-0.5067215450322774,-0.366866934152735
35057,NEW MEXICO,TORRANCE,0,0.3219338003021563,2,2,-2.1301360493243706,0.2980608529513398
35059,NEW MEXICO,UNION,0,0.2140860816098378,0,2,-1.2780410437911178,1.690109907520583
35061,NEW MEXICO,VALENCIA,0,0.4418936084518388,0,2,-0.6471381831572044,-0.3446007083070817
36001,NEW YORK,ALBANY,1,0.6429000756170545,1,0,2.088456594231143,-2.51751461756129
36003,NEW YORK,ALLEGANY,0,0.2894472361809045,0,2,0.14442111251176842,0.5997690276577264
36005,NEW YORK,BRONX,1,0.8218659155085928,2,1,-3.105341825730943,-4.542631370899562
36007,NEW YORK,BROOME,1,0.5028130147389137,0,2,0.07806905727462457,-1.262420148796439
36009,NEW YORK,CATTARAUGUS,0,0.3392255411502656,0,2,-0.1364615141121754,0.3755312139278543
36011,NEW YORK,CAYUGA,0,0.4393090315560392,0,0,0.6722041294469867,0.26814992238545293
36013,NEW YORK,CHAUTAUQUA,0,0.386264012046177,0,2,-0.09092234918995894,0.1272657799464497
36015,NEW YORK,CHEMUNG,0,0.4189267457379567,0,2,0.2596213948656062,-0.19322351918268066
36017,NEW YORK,CHENANGO,0,0.3698086273810055,0,2,0.06110368507172587,0.6661531661074647
36019,NEW YORK,CLINTON,1,0.5153071246176727,0,0,0.8995109267680526,0.11522844350908748
36021,NEW YORK,COLUMBIA,1,0.569743718733406,1,0,1.6506461625253064,-0.5402077414963132
36023,NEW YORK,CORTLAND,0,0.4736433400328887,0,2,0.5696887138949692,0.3317174900165212
36025,NEW YORK,DELAWARE,0,0.3962468579353385,0,2,0.23508039771070782,0.6306323211750094
36027,NEW YORK,DUTCHESS,1,0.5362007781998697,1,0,2.3171513924999667,-1.8914860461894576
36029,NEW YORK,ERIE,1,0.5603634327278219,1,0,1.264209514774285,-2.0659902688196112
36031,NEW YORK,ESSEX,1,0.5108885464817668,0,0,1.2201774818808702,0.3646572015069152
36033,NEW YORK,FRANKLIN,0,0.4764675592173018,0,2,-0.41528061168456976,-0.1563858361711305
36035,NEW YORK,FULTON,0,0.3294699235626454,0,2,0.21845979937888985,0.7107448952041314
36037,NEW YORK,GENESEE,0,0.3270361183785804,0,2,0.9713800583319169,0.4569248890399395
36039,NEW YORK,GREENE,0,0.4086097946287519,0,2,0.8736205908161837,0.2729320130058874
36041,NEW YORK,HAMILTON,0,0.3376325594726282,0,2,1.1048408098297628,1.7244941916374035
36043,NEW YORK,HERKIMER,0,0.3361637347767253,0,2,0.37461253986623294,0.4093537119431762
36045,NEW YORK,JEFFERSON,0,0.3921910761630673,0,2,0.3306688216990422,-0.14424384496481538
36047,NEW YORK,KINGS,1,0.764151763402073,1,0,0.6853030712369629,-5.593008987434106
36049,NEW YORK,LEWIS,0,0.2933415158023933,0,2,0.28404641810700987,1.0204108558740703
36051,NEW YORK,LIVINGSTON,0,0.3941432903714935,0,2,1.0834876423688047,0.2458956527114688
36053,NEW YORK,MADISON,0,0.4321193019319442,0,0,1.4482877560384764,0.40292994919331226
36055,NEW YORK,MONROE,1,0.5886482102952029,1,0,1.2876388729232409,-2.3047139846995592
36057,NEW YORK,MONTGOMERY,0,0.3754589099124541,0,2,-0.5136568757327179,0.3021587652367354
36059,NEW YORK,NASSAU,1,0.5369997927865335,1,0,4.9120244456072,-4.443882041986389
36061,NEW YORK,NEW YORK,1,0.8597600530364055,1,0,3.7542814147356647,-5.728300023128804
36063,NEW YORK,NIAGARA,0,0.4389315888848626,0,2,0.7024909053110867,-0.44872042569379217
36065,NEW YORK,ONEIDA,0,0.4087378067967275,1,2,1.0401567049631166,-0.9772210580168538
36067,NEW YORK,ONONDAGA,1,0.5893179908861791,1,0,1.221677340336123,-1.8880476962593358
36069,NEW YORK,ONTARIO,0,0.4830656569859365,1,0,2.0268318307414948,-0.19327167377526067
36071,NEW YORK,ORANGE,0,0.488641412538588,1,0,1.6422394272454162,-1.7850285875236285
36073,NEW YORK,ORLEANS,0,0.3050671617341924,0,2,-0.16627372563654155,0.4143217605590343
36075,NEW YORK,OSWEGO,0,0.3854554072777656,0,2,0.1384752668244706,0.14323191358844362
36077,NEW YORK,OTSEGO,0,0.4597314247245154,0,2,0.9136959910581282,0.0023670612175465604
36079,NEW YORK,PUTNAM,0,0.4510828301818576,1,0,3.6972255852715543,-1.3276002259759105
36081,NEW YORK,QUEENS,1,0.7162233259240426,1,0,2.7931378886210116,-7.366944347066559
36083,NEW YORK,RENSSELAER,1,0.512355869037793,1,0,1.8080635799024691,-1.0685215968500412
36085,NEW YORK,RICHMOND,0,0.4176109114773358,1,0,2.683292240933814,-3.2180901018105406
36087,NEW YORK,ROCKLAND,1,0.5007365521432676,1,0,2.301139345935964,-2.9160932427368227
36089,NEW YORK,ST. LAWRENCE,0,0.4277067179181302,0,2,-0.03580658358004758,0.010836942910201118
36091,NEW YORK,SARATOGA,1,0.5126763305280182,1,0,3.5120983007383693,-1.035388406869161
36093,NEW YORK,SCHENECTADY,1,0.5633382417320014,1,0,1.1050010689070797,-1.7988290571242678
36095,NEW YORK,SCHOHARIE,0,0.3380771663504111,0,2,0.7439772776176286,0.538554916696853
36097,NEW YORK,SCHUYLER,0,0.3983059495866925,0,2,0.2138498015033101,0.8217416982689244
36099,NEW YORK,SENECA,0,0.4398778470543326,0,2,0.608429500831277,0.6092587406578049
36101,NEW YORK,STEUBEN,0,0.3394530914094075,0,2,0.676772725470231,0.07940989989819866
36103,NEW YORK,SUFFOLK,0,0.4855669191702611,1,0,3.6755305621114207,-2.6233704650143825
36105,NEW YORK,SULLIVAN,0,0.4408801093020608,0,2,0.26621198254835393,-0.8254059345552598
36107,NEW YORK,TIOGA,0,0.3827572506952721,0,2,1.1023167328697199,0.37342157147901855
36109,NEW YORK,TOMPKINS,1,0.7300859972202919,1,0,2.0914707395866836,-2.187784348924799
36111,NEW YORK,ULSTER,1,0.5905664221678891,1,0,1.2281540481688853,-1.0447239880027603
36113,NEW YORK,WARREN,0,0.4847502335549816,0,0,1.8907041095591663,0.19469947624021586
36115,NEW YORK,WASHINGTON,0,0.4092936013590034,0,2,0.662691309672024,0.3851901456058297
36117,NEW YORK,WAYNE,0,0.3876440674202216,0,0,1.1438302313659927,0.27068341777185123
36119,NEW YORK,WESTCHESTER,1,0.6757401057834792,1,0,3.3669470199941425,-3.929856829556551
36121,NEW YORK,WYOMING,0,0.2603808448390904,0,2,0.7286711392465746,0.6410770843225347
36123,NEW YORK,YATES,0,0.3910826844642195,0,2,0.6503693657264736,0.9333783783546716
37001,NORTH CAROLINA,ALAMANCE,0,0.4509762925276742,0,1,-0.32125922975667404,-1.297047283506463
37003,NORTH CAROLINA,ALEXANDER,0,0.2048329709428741,0,2,-0.1766464160437989,0.5052864922648456
37005,NORTH CAROLINA,ALLEGHANY,0,0.2445687952600395,0,2,-0.8352359343102091,1.3158418726205443
37007,NORTH CAROLINA,ANSON,1,0.5171520457387886,2,1,-2.9903430284148222,-1.868256846532541
37009,NORTH CAROLINA,ASHE,0,0.2633109902617933,0,2,-0.03796638806243228,1.046440023817499
37011,NORTH CAROLINA,AVERY,0,0.231655741171495,0,2,0.07480883710226564,0.8105009497365113
37013,NORTH CAROLINA,BEAUFORT,0,0.3660649819494584,2,1,-1.3361502310665847,-0.8237040989696026
37015,NORTH CAROLINA,BERTIE,1,0.6050942435048395,2,1,-4.352487905738048,-2.8464596059781564
37017,NORTH CAROLINA,BLADEN,0,0.4277956204379562,2,1,-2.534808843778828,-1.0949008722224114
37019,NORTH CAROLINA,BRUNSWICK,0,0.3693928472414749,1,0,0.9027573272716839,-0.7054943410441015
37021,NORTH CAROLINA,BUNCOMBE,1,0.5973608798717576,1,0,1.8300462820766341,-0.7540466363859388
37023,NORTH CAROLINA,BURKE,0,0.2941123716425272,0,2,-0.6792807813804477,-0.4678523136574432
37025,NORTH CAROLINA,CABARRUS,0,0.4449657502111288,1,0,1.387932109365029,-2.0926970809005816
37027,NORTH CAROLINA,CALDWELL,0,0.2392070793154171,0,2,-0.4553081745308628,0.3218260833792454
37029,NORTH CAROLINA,CAMDEN,0,0.2581891483285738,0,2,0.2297777968313147,-0.10239993708713081
37031,NORTH CAROLINA,CARTERET,0,0.283241597376742,0,0,1.146708639816607,-0.10594403526378358
37033,NORTH CAROLINA,CASWELL,0,0.4032860343539955,2,1,-1.5391088204295778,-0.9057632299711844
37035,NORTH CAROLINA,CATAWBA,0,0.3079292777944261,0,2,0.4619761284782495,-1.136041572747499
37037,NORTH CAROLINA,CHATHAM,1,0.5511841807444597,1,0,1.9087312302559056,-1.2415876639141725
37039,NORTH CAROLINA,CHEROKEE,0,0.2181696401388297,0,2,-0.35586693228760147,0.7715408644910648
37041,NORTH CAROLINA,CHOWAN,0,0.4171377183967112,2,1,-1.7841497812491682,-0.9828119553571012
37043,NORTH CAROLINA,CLAY,0,0.246481938198172,0,0,0.3524535966981361,1.247248189646069
37045,NORTH CAROLINA,CLEVELAND,0,0.3304552896234505,2,2,-1.4686363558256554,-0.9251772104035387
37047,NORTH CAROLINA,COLUMBUS,0,0.3571806700446192,2,1,-2.3202580703954,-0.8931150999462966
37049,NORTH CAROLINA,CRAVEN,0,0.3985301045887119,0,1,-0.1498274432275654,-1.3689463016442096
37051,NORTH CAROLINA,CUMBERLAND,1,0.5740332993544003,2,1,-1.4294504832289776,-2.82714903936739
37053,NORTH CAROLINA,CURRITUCK,0,0.2598005821514833,0,2,1.620758578326044,0.41604122037718055
37055,NORTH CAROLINA,DARE,0,0.4100363156157147,1,0,1.7800013934255396,-0.13731000909448896
37057,NORTH CAROLINA,DAVIDSON,0,0.2557335562735838,0,2,-0.14796446979288358,-0.37049642379293124
37059,NORTH CAROLINA,DAVIE,0,0.2652206550511635,0,2,0.7168875147994084,0.26169738257754055
37061,NORTH CAROLINA,DUPLIN,0,0.385956416464891,2,1,-1.6677224125591372,-0.5870338270483173
37063,NORTH CAROLINA,DURHAM,1,0.804206454194782,1,0,1.0649541514997622,-3.7751304400798427
37065,NORTH CAROLINA,EDGECOMBE,1,0.6315107744239903,2,1,-3.644023615239688,-2.76230736731248
37067,NORTH CAROLINA,FORSYTH,1,0.561598847319521,1,1,0.06037936497073437,-2.229668460592386
37069,NORTH CAROLINA,FRANKLIN,0,0.4251291799416347,0,1,-0.48003201596527567,-1.1281243049999479
37071,NORTH CAROLINA,GASTON,0,0.3546295173942406,0,1,-0.12070598232922448,-1.0966139739138565
37073,NORTH CAROLINA,GATES,0,0.426394238820968,2,2,-2.11175732641614,-0.9785334189508527
37075,NORTH CAROLINA,GRAHAM,0,0.1939978563772776,0,2,-0.4941749266419763,1.6099100310444532
37077,NORTH CAROLINA,GRANVILLE,0,0.4609468953731249,2,1,-0.5059967168901978,-1.3474187603652485
37079,NORTH CAROLINA,GREENE,0,0.4377927567691077,2,1,-2.390841781723129,-0.7790805360602353
37081,NORTH CAROLINA,GUILFORD,1,0.6084165828898435,1,1,0.05983601659456837,-3.4556219964161645
37083,NORTH CAROLINA,HALIFAX,1,0.6034783959004619,2,1,-3.596074638403406,-2.4000561450008524
37085,NORTH CAROLINA,HARNETT,0,0.3789991937282349,2,1,-0.650192877169108,-1.31735787031541
37087,NORTH CAROLINA,HAYWOOD,0,0.3596956926276613,0,2,0.9408981540250129,0.452248112559395
37089,NORTH CAROLINA,HENDERSON,0,0.3979903760366237,0,0,1.6327137041726798,-0.11070235460550182
37091,NORTH CAROLINA,HERTFORD,1,0.6673876246003385,2,1,-3.394476621077369,-2.766015387997806
37093,NORTH CAROLINA,HOKE,1,0.5454965571421969,2,1,-1.986758660462287,-2.0885380132731353
37095,NORTH CAROLINA,HYDE,0,0.4197431781701444,2,1,-2.143917268748979,0.009105165627774492
37097,NORTH CAROLINA,IREDELL,0,0.3310312490842133,1,0,1.1648280051574613,-1.0524779303357488
37099,NORTH CAROLINA,JACKSON,0,0.4475919357849542,0,2,-0.23167346393702612,0.10226096689301813
37101,NORTH CAROLINA,JOHNSTON,0,0.3704930987724166,0,2,0.44692436033984845,-0.8789818027886311
37103,NORTH CAROLINA,JONES,0,0.3976470588235294,2,1,-2.9921963287794036,-0.658069894617161
37105,NORTH CAROLINA,LEE,0,0.4186086596800882,0,1,-0.6880549920149525,-0.7838380802133808
37107,NORTH CAROLINA,LENOIR,0,0.4788975324721039,2,1,-3.0203884776909455,-1.8435224605092981
37109,NORTH CAROLINA,LINCOLN,0,0.264332795666806,0,0,0.6385843867701256,0.005640595205557068
37111,NORTH CAROLINA,MCDOWELL,0,0.2535321479806982,0,2,-0.2802283146445953,0.4709941168061347
37113,NORTH CAROLINA,MACON,0,0.3003422841440486,0,2,0.06132231976428178,0.59736473931716
37115,NORTH CAROLINA,MADISON,0,0.3748088100336494,0,0,0.619777987500581,0.8863529421096851
37117,NORTH CAROLINA,MARTIN,0,0.471371610845295,2,1,-3.1846573059868852,-1.7662304139471472
37119,NORTH CAROLINA,MECKLENBURG,1,0.6667930510904625,1,0,1.5933681981634982,-4.09833418160542
37121,NORTH CAROLINA,MITCHELL,0,0.2065037053423294,0,2,0.3281356671444819,1.200926527667959
37123,NORTH CAROLINA,MONTGOMERY,0,0.3367577243365242,0,2,-0.7885559110959791,0.010523551390716673
37125,NORTH CAROLINA,MOORE,0,0.3561768285366564,1,0,1.5326493210335745,-0.9488858566323506
37127,NORTH CAROLINA,NASH,1,0.4963937938818848,2,1,-1.6779059813811483,-2.217508666086445
37129,NORTH CAROLINA,NEW HANOVER,1,0.5016915724797087,1,0,0.9966386725429743,-1.3585532486648022
37131,NORTH CAROLINA,NORTHAMPTON,1,0.6002967359050445,2,1,-3.3727411691155664,-2.2785825863442346
37133,NORTH CAROLINA,ONSLOW,0,0.3359313352253062,0,2,-0.00654888833474922,-0.845361443321232
37135,NORTH CAROLINA,ORANGE,1,0.7481911126275045,1,0,2.9552811513807318,-2.796077172203068
37137,NORTH CAROLINA,PAMLICO,0,0.3555235224741187,0,2,-0.5610054476235282,0.01263147598876657
37139,NORTH CAROLINA,PASQUOTANK,1,0.4941448459566769,2,1,-0.9070204700419899,-1.651652392178788
37141,NORTH CAROLINA,PENDER,0,0.3430887646697299,0,2,-0.008662603049888511,-0.870789046336675
37143,NORTH CAROLINA,PERQUIMANS,0,0.3329770176376269,0,2,-0.646689277829419,-0.176934211071378
37145,NORTH CAROLINA,PERSON,0,0.386635607929113,2,1,-1.1117727412154215,-0.8288183483806942
37147,NORTH CAROLINA,PITT,1,0.5395726993479726,2,1,-1.54003172622159,-2.5971822553110155
37149,NORTH CAROLINA,POLK,0,0.3655931380482278,0,0,1.1854551155847042,0.44006155827159626
37151,NORTH CAROLINA,RANDOLPH,0,0.2130230781821157,0,2,-0.13316943880036444,0.010124681082909218
37153,NORTH CAROLINA,RICHMOND,0,0.4216153735009392,2,1,-2.583029762848626,-1.4266687563003564
37155,NORTH CAROLINA,ROBESON,0,0.4030685767568026,2,1,-3.423336168375797,-2.3033147638048015
37157,NORTH CAROLINA,ROCKINGHAM,0,0.3344976887196971,2,1,-1.2696863426460714,-0.5696260848737789
37159,NORTH CAROLINA,ROWAN,0,0.3148703138622493,0,1,-0.7238413456776117,-0.8692005977959436
37161,NORTH CAROLINA,RUTHERFORD,0,0.2653286473612362,0,2,-0.916172872736164,0.014229534730674849
37163,NORTH CAROLINA,SAMPSON,0,0.3831854077853099,2,1,-2.2404255238883937,-1.0872785354030976
37165,NORTH CAROLINA,SCOTLAND,0,0.4863620981387478,2,1,-4.087638701991782,-2.348169017209904
37167,NORTH CAROLINA,STANLY,0,0.2395179586905919,0,2,0.07392388617545992,-0.10226683398601423
37169,NORTH CAROLINA,STOKES,0,0.2056729310143574,0,2,-0.10385681042913662,0.8226201578143745
37171,NORTH CAROLINA,SURRY,0,0.2380315519406081,0,2,-0.3296215572304463,0.49440127448995014
37173,NORTH CAROLINA,SWAIN,0,0.3933220147142048,0,2,-1.0100371258710907,0.11913963301683725
37175,NORTH CAROLINA,TRANSYLVANIA,0,0.413840423446383,0,2,0.6436083459995883,0.16459471598464553
37177,NORTH CAROLINA,TYRRELL,0,0.4171711612548156,2,1,-2.1792247342581526,-0.07804009489108997
37179,NORTH CAROLINA,UNION,0,0.3719153353535199,1,0,2.2903008491929318,-1.6122213173025257
37181,NORTH CAROLINA,VANCE,1,0.5919805705033573,2,1,-3.0118456563407823,-2.4331869266224473
37183,NORTH CAROLINA,WAKE,1,0.6225345425193486,1,0,3.1897706492682274,-3.9322117331666617
37185,NORTH CAROLINA,WARREN,1,0.6217817934518605,2,1,-3.549334033402811,-2.272089613311536
37187,NORTH CAROLINA,WASHINGTON,1,0.547300564061241,2,1,-4.145320416396706,-1.5729534677077939
37189,NORTH CAROLINA,WATAUGA,1,0.5314090626939789,0,2,-0.4591463722247483,-0.3617609704515913
37191,NORTH CAROLINA,WAYNE,0,0.4360156292201595,2,1,-1.3495543417132534,-1.4701540120651349
37193,NORTH CAROLINA,WILKES,0,0.2117802966221169,0,2,-0.4833976204409049,0.5287222541892104
37195,NORTH CAROLINA,WILSON,1,0.5094881551491347,2,1,-2.497634355426671,-2.2446836830657535
37197,NORTH CAROLINA,YADKIN,0,0.188877177131958,0,2,-0.4363706541842609,0.9538306137771401
37199,NORTH CAROLINA,YANCEY,0,0.324876673713883,0,2,-0.48346559235631426,0.8948186287402895
38001,NORTH DAKOTA,ADAMS,0,0.2033096926713948,0,2,0.7833500031338874,1.786866577675027
38003,NORTH DAKOTA,BARNES,0,0.3270440251572327,0,0,1.5182405482069543,0.9617159245607854
38005,NORTH DAKOTA,BENSON,0,0.4191738908720041,2,1,-2.5696707315302545,-0.2680448515966405
38007,NORTH DAKOTA,BILLINGS,0,0.1133858267716535,0,0,0.8635086459656626,1.9562567899395866
38009,NORTH DAKOTA,BOTTINEAU,0,0.2365312590031691,0,2,1.1799047136914003,1.2163288626890036
38011,NORTH DAKOTA,BOWMAN,0,0.1375980687990344,0,2,1.1094577241340575,1.7032907844382572
38013,NORTH DAKOTA,BURKE,0,0.1186147186147186,0,2,1.8666336317239238,1.4268182585320055
38015,NORTH DAKOTA,BURLEIGH,0,0.2827025003448072,1,0,2.414738690112379,-0.11927696131482554
38017,NORTH DAKOTA,CASS,0,0.4684438659895645,1,0,2.08358459468281,-0.9347498210771191
38019,NORTH DAKOTA,CAVALIER,0,0.2346534653465346,0,2,0.6898486268119757,1.7843656881726704
38021,NORTH DAKOTA,DICKEY,0,0.2508250825082508,0,2,1.5729135571292574,1.4918292795507615
38023,NORTH DAKOTA,DIVIDE,0,0.2204658901830282,0,2,0.6968841419430668,1.7704025069639244
38025,NORTH DAKOTA,DUNN,0,0.146278870829769,0,2,1.8108852657250132,1.038507408965173
38027,NORTH DAKOTA,EDDY,0,0.3037272006344171,0,2,0.6643921733442295,1.8840706320813883
38029,NORTH DAKOTA,EMMONS,0,0.1179691388750622,0,2,0.8602441795378781,1.9465944469159282
38031,NORTH DAKOTA,FOSTER,0,0.2097862767154105,0,2,1.5861146723755626,1.9269655553272844
38033,NORTH DAKOTA,GOLDEN VALLEY,0,0.1335282651072124,0,2,1.6355646985990109,1.6192468730829892
38035,NORTH DAKOTA,GRAND FORKS,0,0.4158863416209234,0,2,0.8681414591625004,-0.33443195697204026
38037,NORTH DAKOTA,GRANT,0,0.1498913830557567,0,2,0.8355045565996558,1.942508201130224
38039,NORTH DAKOTA,GRIGGS,0,0.2464,0,2,1.582181749495434,2.020497084130593
38041,NORTH DAKOTA,HETTINGER,0,0.149390243902439,0,2,0.3952852981456306,1.7041413432651489
38043,NORTH DAKOTA,KIDDER,0,0.1513698630136986,0,2,0.6371612128051245,2.245869172974112
38045,NORTH DAKOTA,LAMOURE,0,0.2374943668319062,0,2,1.0921622875244064,1.7117641602632734
38047,NORTH DAKOTA,LOGAN,0,0.1189591078066914,0,2,1.4418104104411384,2.248069869251204
38049,NORTH DAKOTA,MCHENRY,0,0.1878121878121878,0,2,0.9621814233928262,1.3824778845957109
38051,NORTH DAKOTA,MCINTOSH,0,0.179381443298969,0,2,0.6373032746216399,2.2306340104277207
38053,NORTH DAKOTA,MCKENZIE,0,0.1502122162760657,0,2,1.2978775351035488,0.5021126653115362
38055,NORTH DAKOTA,MCLEAN,0,0.2221820809248555,0,2,1.6005375975487206,1.271465424262028
38057,NORTH DAKOTA,MERCER,0,0.1505882352941176,0,2,1.8743376466912733,1.1578570359309093
38059,NORTH DAKOTA,MORTON,0,0.2329863409350743,0,2,2.0404343529237727,0.610449023734763
38061,NORTH DAKOTA,MOUNTRAIL,0,0.3015606242496998,0,2,0.45148098045533624,0.09557090348554391
38063,NORTH DAKOTA,NELSON,0,0.3297692740574001,0,2,1.2159292649773836,1.7869441494154736
38065,NORTH DAKOTA,OLIVER,0,0.1210131332082551,0,2,0.7243546265961087,1.718507617845598
38067,NORTH DAKOTA,PEMBINA,0,0.235965175622936,0,2,1.0387000976151333,1.2506671520543742
38069,NORTH DAKOTA,PIERCE,0,0.2335526315789473,0,2,1.1584781344735082,1.407791950558652
38071,NORTH DAKOTA,RAMSEY,0,0.3051005212211466,0,2,0.628287185002422,0.9115210291324262
38073,NORTH DAKOTA,RANSOM,0,0.3850855745721271,0,2,1.1391906771016405,1.1004822644666699
38075,NORTH DAKOTA,RENVILLE,0,0.1667930250189537,0,2,1.7875018212852634,1.9094138718211362
38077,NORTH DAKOTA,RICHLAND,0,0.3213005632360471,0,2,0.8810230599031103,1.1036866798059135
38079,NORTH DAKOTA,ROLETTE,1,0.6524710830704522,2,1,-2.8236105169845693,-1.3685583458232786
38081,NORTH DAKOTA,SARGENT,0,0.3565217391304348,0,2,1.4951005851817394,1.8071919203721234
38083,NORTH DAKOTA,SHERIDAN,0,0.1280788177339901,0,2,0.830857292070253,2.5370222512427776
38085,NORTH DAKOTA,SIOUX,1,0.6779089376053963,2,1,-5.316522416624432,-2.041559450508729
38087,NORTH DAKOTA,SLOPE,0,0.1030444964871194,0,2,1.5421162793288044,2.0633193925904982
38089,NORTH DAKOTA,STARK,0,0.1660465116279069,0,2,1.4020126006758502,0.5060394526410539
38091,NORTH DAKOTA,STEELE,0,0.3602941176470588,0,2,1.9711136486579277,1.756650392936052
38093,NORTH DAKOTA,STUTSMAN,0,0.2687016768751882,0,2,0.53313488694724,0.8760052043928054
38095,NORTH DAKOTA,TOWNER,0,0.2700170357751277,0,2,0.2830690880305152,2.170414037364023
38097,NORTH DAKOTA,TRAILL,0,0.3609767891682785,0,2,1.942707161660874,1.1186668301559737
38099,NORTH DAKOTA,WALSH,0,0.2786953794689525,0,2,0.8009121669081729,1.4689654323280599
38101,NORTH DAKOTA,WARD,0,0.2581958507399278,0,0,1.5126866928268703,-0.08848595463494001
38103,NORTH DAKOTA,WELLS,0,0.1861836562763268,0,2,0.9414527867611379,1.781095967893181
38105,NORTH DAKOTA,WILLIAMS,0,0.1513185433235663,0,2,1.8608494599638603,0.0063391871330832515
39001,OHIO,ADAMS,0,0.177521613832853,0,2,-1.1511839218236357,1.0491596425882348
39003,OHIO,ALLEN,0,0.2947339915843853,0,2,-0.15947531164214915,-0.21244556147042865
39005,OHIO,ASHLAND,0,0.2477182351827305,0,2,0.7361753173203661,0.8033961708281093
39007,OHIO,ASHTABULA,0,0.3736833759938388,0,2,-0.8563530210899748,0.27253268356968785
39009,OHIO,ATHENS,1,0.5668674929966614,0,2,-0.7137438037439401,-0.10465823261748788
39011,OHIO,AUGLAIZE,0,0.1804321682119719,0,2,1.3519994615608268,0.9352944135059357
39013,OHIO,BELMONT,0,0.2761726305609284,0,2,0.1770742961244317,0.5747441678234341
39015,OHIO,BROWN,0,0.207622298065984,0,2,0.01113211336750118,0.9896431180502728
39017,OHIO,BUTLER,0,0.3727863251524871,1,0,1.5259355847545983,-1.3302250168242207
39019,OHIO,CARROLL,0,0.2287503518153673,0,2,0.15350932080579494,1.3530537299401622
39021,OHIO,CHAMPAIGN,0,0.25345483677148,0,2,0.39098548589180204,0.7465372216036432
39023,OHIO,CLARK,0,0.3749454930542578,0,2,-0.37860804902064665,-0.19498242113256303
39025,OHIO,CLERMONT,0,0.3085807385952208,1,0,1.884468644600468,-0.20439827675855146
39027,OHIO,CLINTON,0,0.2288205777756126,0,2,0.13376017372965354,0.6198652839308102
39029,OHIO,COLUMBIANA,0,0.2679302045728038,0,2,-0.14345129660975298,0.5814837011519404
39031,OHIO,COSHOCTON,0,0.2464304916661688,0,2,-0.5748668609939958,0.9258369802942902
39033,OHIO,CRAWFORD,0,0.2376486512617229,0,2,-0.1757054676913569,0.965440029385269
39035,OHIO,CUYAHOGA,1,0.6651685393258427,1,1,-0.333154613659505,-3.149139187072094
39037,OHIO,DARKE,0,0.1743568954079752,0,2,0.7024711553810096,1.194429417498635
39039,OHIO,DEFIANCE,0,0.3086012073680408,0,2,0.7333661752015034,0.6922383059413517
39041,OHIO,DELAWARE,0,0.4579598635678591,1,0,5.1102246271505996,-2.393462630658308
39043,OHIO,ERIE,0,0.4336928226106359,0,2,0.464960983310449,-0.26729949321691526
39045,OHIO,FAIRFIELD,0,0.3747884433028051,1,0,1.7007192445892119,-0.5666709366866758
39047,OHIO,FAYETTE,0,0.2358864573422137,0,2,-0.3213930424799558,0.8878895410677371
39049,OHIO,FRANKLIN,1,0.648840664978266,1,0,1.1522434639531958,-3.2224804297006195
39051,OHIO,FULTON,0,0.2926657883179622,0,2,0.8427739969583571,0.8309291941366878
39053,OHIO,GALLIA,0,0.216682368287557,0,2,-0.2778537871357374,0.894251455351488
39055,OHIO,GEAUGA,0,0.3784473679513039,1,0,3.0412196830920086,-0.03873369607110616
39057,OHIO,GREENE,0,0.3925634285843213,1,0,1.9387476773254186,-1.2276987704156908
39059,OHIO,GUERNSEY,0,0.2510696653867252,0,2,-0.6366757464694919,0.9302480304039663
39061,OHIO,HAMILTON,1,0.5714769718445498,1,0,0.6338781335014781,-2.6745694334157704
39063,OHIO,HANCOCK,0,0.303242113951149,0,0,1.3167328320670095,0.17488395350238553
39065,OHIO,HARDIN,0,0.2311466747188042,0,2,-0.07963681992247856,1.0378609071531057
39067,OHIO,HARRISON,0,0.2309601567602874,0,2,-0.6612639799399327,1.154342721597696
39069,OHIO,HENRY,0,0.2751286914115416,0,2,0.8044305965634695,0.9785019478957793
39071,OHIO,HIGHLAND,0,0.1930778613539337,0,2,-0.5977042128269553,0.9852048135230513
39073,OHIO,HOCKING,0,0.2806712962962963,0,2,0.10844759063081426,1.2505532891358115
39075,OHIO,HOLMES,0,0.1540125125511701,0,2,0.9149157422308455,1.4058302510509404
39077,OHIO,HURON,0,0.285362265538801,0,2,0.2656303403029198,0.8902698423909585
39079,OHIO,JACKSON,0,0.223806948763012,0,2,-0.6852292191177992,0.943447038317997
39081,OHIO,JEFFERSON,0,0.300281757688388,0,2,-0.45561838525532583,0.3986050993898669
39083,OHIO,KNOX,0,0.2735524555704185,0,2,0.9311085375366687,0.6362197597614268
39085,OHIO,LAKE,0,0.4253653004773617,1,0,1.6562597962655827,-0.44260804736607945
39087,OHIO,LAWRENCE,0,0.2662566217513421,0,2,-0.5677865949880964,0.784866671420803
39089,OHIO,LICKING,0,0.35086508863178,1,0,1.6536293629555212,-0.25865759903058166
39091,OHIO,LOGAN,0,0.2163214652516261,0,2,0.684664619104313,0.7541405785118356
39093,OHIO,LORAIN,0,0.48061764388295,0,2,0.6913277946399222,-0.675025136928357
39095,OHIO,LUCAS,1,0.5752630555818625,2,1,-0.666945939633872,-1.7704160184610227
39097,OHIO,MADISON,0,0.2869806094182826,0,2,1.1287161018187906,0.45357493131749294
39099,OHIO,MAHONING,0,0.4845165845703814,0,1,-0.7368865795568706,-1.1206522218172814
39101,OHIO,MARION,0,0.2972535768207635,0,2,-0.34145762262885243,0.4714751695569245
39103,OHIO,MEDINA,0,0.3760926057169856,1,0,2.7984375445475553,-0.1844550366963123
39105,OHIO,MEIGS,0,0.2275591270203634,0,2,-1.4661054175076176,1.0190106635709446
39107,OHIO,MERCER,0,0.1696056563275956,0,2,1.6427994707639377,1.0623859870564414
39109,OHIO,MIAMI,0,0.2701821569033326,0,0,1.3400297361717453,0.24645341823319114
39111,OHIO,MONROE,0,0.2245383324006715,0,2,-0.41810816308156806,1.505917032139613
39113,OHIO,MONTGOMERY,1,0.5030222900877078,1,1,-0.08272256201125998,-1.8942159991386722
39115,OHIO,MORGAN,0,0.2519351540820797,0,2,-0.8427448955222225,1.4394934273550801
39117,OHIO,MORROW,0,0.2193205829766484,0,2,1.0084822733680654,1.2081367195762396
39119,OHIO,MUSKINGUM,0,0.295835907574447,0,2,-0.21911176617829078,0.4740209003569722
39121,OHIO,NOBLE,0,0.1844553050606968,0,2,-0.3879459776090456,1.2510007856626186
39123,OHIO,OTTAWA,0,0.3752238930311992,0,0,1.2442931473727292,0.7576975168531844
39125,OHIO,PAULDING,0,0.2337593746699059,0,2,0.4254572780614481,1.2446290457687559
39127,OHIO,PERRY,0,0.2457571214392803,0,2,-0.45151239223321044,0.9951939490825848
39129,OHIO,PICKAWAY,0,0.2583566198578048,0,2,0.5761334175259142,0.5260637231187134
39131,OHIO,PIKE,0,0.250563970351273,0,2,-0.7674107693305221,1.1858285412160021
39133,OHIO,PORTAGE,0,0.4303142195192586,0,2,1.0265831912427499,-0.46008276494070927
39135,OHIO,PREBLE,0,0.2060158650098583,0,2,1.0794841913288216,1.0488719976835832
39137,OHIO,PUTNAM,0,0.1603835148837909,0,2,1.506397657991995,0.8885311700258833
39139,OHIO,RICHLAND,0,0.2941225510629429,0,2,-0.16689246037027763,-0.01400241230656102
39141,OHIO,ROSS,0,0.3170365476440734,0,2,-0.32128595969531343,0.30750912882700976
39143,OHIO,SANDUSKY,0,0.3523309170712243,0,2,0.29846331365861395,0.6094793525134089
39145,OHIO,SCIOTO,0,0.2833338534028146,0,2,-1.256649543214851,0.46834722957107344
39147,OHIO,SENECA,0,0.3202634637737311,0,2,0.3164729807130562,0.7338370421463812
39149,OHIO,SHELBY,0,0.1767756750336527,0,2,0.8289972096506121,0.5077327435914815
39151,OHIO,STARK,0,0.399749314036834,0,2,0.5244995188774833,-0.5050518740338039
39153,OHIO,SUMMIT,1,0.5407579339187729,1,0,0.984341719733677,-1.92310959827107
39155,OHIO,TRUMBULL,0,0.4407778140810487,0,2,-0.2608135949089226,-0.08067916737598073
39157,OHIO,TUSCARAWAS,0,0.2928319890946268,0,2,0.3069321915591362,0.6116631293764697
39159,OHIO,UNION,0,0.3331140678726267,1,0,3.283850766319862,-0.6274302870541882
39161,OHIO,VAN WERT,0,0.2049448713665219,0,2,0.5044870629842061,1.0580618961770782
39163,OHIO,VINTON,0,0.2207296849087894,0,2,-1.0407537219064487,1.411167905490241
39165,OHIO,WARREN,0,0.3384937545922116,1,0,3.8226856334099084,-1.7652650770042098
39167,OHIO,WASHINGTON,0,0.2885642034279292,0,2,0.36738154602763945,0.7308407872663936
39169,OHIO,WAYNE,0,0.3069100823462226,0,0,1.2291756790591783,0.41872630045901427
39171,OHIO,WILLIAMS,0,0.2596107447321859,0,2,0.4179939336319097,1.088035001970529
39173,OHIO,WOOD,0,0.452934301818128,0,2,1.2732279442956473,-0.3401326446275467
39175,OHIO,WYANDOT,0,0.2399473222124671,0,2,1.154537993774629,1.1871594529971714
40001,OKLAHOMA,ADAIR,0,0.1951322453573438,2,1,-2.774570843724571,-0.44297581653370816
40003,OKLAHOMA,ALFALFA,0,0.1025641025641025,0,2,0.8951297479276457,0.9856840543559602
40005,OKLAHOMA,ATOKA,0,0.1419558359621451,0,2,-1.0150085208032822,0.604222892336825
40007,OKLAHOMA,BEAVER,0,0.0872359963269054,0,2,0.39989661502346596,1.0491391671061414
40009,OKLAHOMA,BECKHAM,0,0.1318570709612481,0,2,-0.6599877857079689,0.7843812278916776
40011,OKLAHOMA,BLAINE,0,0.1763650346065111,0,2,-0.21607385104245386,0.7108134233284679
40013,OKLAHOMA,BRYAN,0,0.2079994992488733,0,2,-0.5534969449115732,-0.06702335151391366
40015,OKLAHOMA,CADDO,0,0.2708185414342225,0,2,-1.3864691876495343,-0.16863170940071073
40017,OKLAHOMA,CANADIAN,0,0.2702938327413626,1,0,1.9164640963735327,-0.8322812507621354
40019,OKLAHOMA,CARTER,0,0.2294778992761435,0,2,-0.4262283622840065,-0.190273111512535
40021,OKLAHOMA,CHEROKEE,0,0.3402393586993338,2,1,-1.5545625898479825,-1.1302147720034916
40023,OKLAHOMA,CHOCTAW,0,0.1855281207133059,2,2,-2.721863010944474,-0.13643956776278449
40025,OKLAHOMA,CIMARRON,0,0.0664136622390891,0,2,0.5114763358591649,2.146820140644189
40027,OKLAHOMA,CLEVELAND,0,0.4159945899914842,1,0,1.5289036806384002,-1.4945423661025214
40029,OKLAHOMA,COAL,0,0.1481774960380348,0,2,-1.8041357986307773,0.5746506912339676
40031,OKLAHOMA,COMANCHE,0,0.3858157222643203,2,1,-0.4784202374785015,-1.4656734376387788
40033,OKLAHOMA,COTTON,0,0.1527993779160186,0,2,-0.9367678597475876,1.1342348236650908
40035,OKLAHOMA,CRAIG,0,0.2017572944297082,0,2,-1.1864433815433393,0.3210579921026216
40037,OKLAHOMA,CREEK,0,0.2156039993443697,0,2,-0.07172180443915292,0.27143044620861234
40039,OKLAHOMA,CUSTER,0,0.2215882518005799,0,2,0.10649434414188334,0.31456697185712257
40041,OKLAHOMA,DELAWARE,0,0.201333719918817,0,2,-1.010968114297869,-0.28656754691141045
40043,OKLAHOMA,DEWEY,0,0.0907164052564646,0,2,0.2310166666570933,1.6069322120106377
40045,OKLAHOMA,ELLIS,0,0.0864922584089695,0,2,-0.4933884507726576,1.2800688891811178
40047,OKLAHOMA,GARFIELD,0,0.2193045028979046,0,2,0.2610865538995109,0.011400654772367203
40049,OKLAHOMA,GARVIN,0,0.1707562717451016,0,2,-0.3611146593969878,0.9043437573553553
40051,OKLAHOMA,GRADY,0,0.1793861737587117,0,2,0.8423437892156475,0.28226422858636285
40053,OKLAHOMA,GRANT,0,0.1257861635220125,0,2,0.5090316406839315,1.4940120064529427
40055,OKLAHOMA,GREER,0,0.1662442980233147,0,2,-1.0160450016779816,1.110775334571354
40057,OKLAHOMA,HARMON,0,0.1897106109324758,0,2,-1.1982837570225369,0.3113009506555994
40059,OKLAHOMA,HARPER,0,0.0914593140551445,0,2,-0.6750730786181626,1.6602603939976233
40061,OKLAHOMA,HASKELL,0,0.1561627443159154,2,2,-1.7342349358508256,0.20128910704023023
40063,OKLAHOMA,HUGHES,0,0.1892114473955116,2,2,-2.0765015840923544,0.1682312022101981
40065,OKLAHOMA,JACKSON,0,0.2002189514657584,0,2,-0.15551526518649184,0.060875003899006935
40067,OKLAHOMA,JEFFERSON,0,0.1337526205450733,0,2,-1.3965328325469808,1.1323708355528248
40069,OKLAHOMA,JOHNSTON,0,0.173606210303458,0,2,-1.1884895101745105,0.32173885993542906
40071,OKLAHOMA,KAY,0,0.2342164763174676,0,2,-0.7018338041737594,0.11699314132189019
40073,OKLAHOMA,KINGFISHER,0,0.1320959010054137,0,2,0.861382919951258,0.5242082382521916
40075,OKLAHOMA,KIOWA,0,0.2039684855558798,0,2,-1.4701112789053252,1.0405639695818985
40077,OKLAHOMA,LATIMER,0,0.179336314426924,2,2,-1.911095138378484,0.016563686194460806
40079,OKLAHOMA,LE FLORE,0,0.1754320659399096,0,2,-1.1476414671681996,0.2003791296136472
40081,OKLAHOMA,LINCOLN,0,0.1752418054809242,0,2,-0.2048198203523476,0.7912369826061801
40083,OKLAHOMA,LOGAN,0,0.2528506535644758,0,0,1.0228867110299558,-0.23082451502955084
40085,OKLAHOMA,LOVE,0,0.1744357212953876,0,2,-0.5676947407090133,0.8012874500826789
40087,OKLAHOMA,MCCLAIN,0,0.1862133499688084,0,2,1.4749128992096665,0.403060353164398
40089,OKLAHOMA,MCCURTAIN,0,0.1620301735414668,2,2,-2.0202655873146735,-0.22288634833332727
40091,OKLAHOMA,MCINTOSH,0,0.2436712657468506,0,2,-1.7599796527643283,0.4369652038307618
40093,OKLAHOMA,MAJOR,0,0.0922988174214018,0,2,0.40729347146694056,1.179841888154497
40095,OKLAHOMA,MARSHALL,0,0.1813984168865435,0,2,-0.5772826056008448,0.617673315540473
40097,OKLAHOMA,MAYES,0,0.2153855407193552,0,2,-0.9150089250299565,-0.0004236510583071466
40099,OKLAHOMA,MURRAY,0,0.1961316593145571,0,2,-0.22625626118384715,0.549792401139473
40101,OKLAHOMA,MUSKOGEE,0,0.3200430604840317,2,2,-1.5584863159346514,-0.8818212840419825
40103,OKLAHOMA,NOBLE,0,0.2031186715269339,0,2,0.18302182578201898,0.688767049313513
40105,OKLAHOMA,NOWATA,0,0.1621498519699385,0,2,-1.4800625011542898,0.5227610566245174
40107,OKLAHOMA,OKFUSKEE,0,0.2218920257553244,2,2,-2.3320752312882056,0.2568825598260545
40109,OKLAHOMA,OKLAHOMA,0,0.480844133812852,1,0,0.5491932664579806,-2.143127776554067
40111,OKLAHOMA,OKMULGEE,0,0.3044085796129392,2,2,-1.5868410795672583,-0.37619432801613495
40113,OKLAHOMA,OSAGE,0,0.2922387769013536,0,2,-0.7255465014093949,-0.5117902012432296
40115,OKLAHOMA,OTTAWA,0,0.2348312642070292,0,2,-1.3359993011695654,0.18350207085746306
40117,OKLAHOMA,PAWNEE,0,0.2008547008547008,0,2,-0.3160004485284318,0.7364647952618447
40119,OKLAHOMA,PAYNE,0,0.3678440103903114,0,2,-0.254854607688512,-0.7317891273183713
40121,OKLAHOMA,PITTSBURG,0,0.2102209328274938,0,2,-0.8635744216186604,-0.07076212450197081
40123,OKLAHOMA,PONTOTOC,0,0.268733681462141,0,2,0.07727742708779818,-0.2968105533993299
40125,OKLAHOMA,POTTAWATOMIE,0,0.2581160191591272,0,2,-0.47636454839740533,-0.19798816497689162
40127,OKLAHOMA,PUSHMATAHA,0,0.1409580080185693,0,2,-1.824527203716825,0.4371866984853396
40129,OKLAHOMA,ROGER MILLS,0,0.0916030534351145,0,2,-0.6643603827348035,1.2916181122730785
40131,OKLAHOMA,ROGERS,0,0.2152268085201894,0,2,1.1033650469124159,-0.435685443430419
40133,OKLAHOMA,SEMINOLE,0,0.2578865299268322,2,2,-2.268038757176168,-0.1504227682641624
40135,OKLAHOMA,SEQUOYAH,0,0.1972572468477837,0,2,-1.4420349489011401,-0.09069164295025373
40137,OKLAHOMA,STEPHENS,0,0.1655034895314057,0,2,-0.40100029318039615,0.2186401543570932
40139,OKLAHOMA,TEXAS,0,0.1619271871037855,0,2,-0.6686982363956974,-0.6656621862769468
40141,OKLAHOMA,TILLMAN,0,0.2204579025110782,2,2,-1.9007293027843144,0.3090401076147855
40143,OKLAHOMA,TULSA,0,0.4087176295007462,1,0,0.6797775590660924,-1.9888307839271113
40145,OKLAHOMA,WAGONER,0,0.2395155356839662,0,2,0.8097407196070048,-0.5486186254432658
40147,OKLAHOMA,WASHINGTON,0,0.2463724947874558,0,2,0.4688826499524886,-0.4124117534678349
40149,OKLAHOMA,WASHITA,0,0.1251831693531505,0,2,-0.028194632592251426,0.9588879484635463
40151,OKLAHOMA,WOODS,0,0.1606851549755301,0,2,0.05810981552395539,0.7907109423724263
40153,OKLAHOMA,WOODWARD,0,0.1290944123314065,0,2,0.26654660978045375,0.8978063037223876
41001,OREGON,BAKER,0,0.2362062021747885,0,2,-0.13649941794792442,0.7144681543793512
41003,OREGON,BENTON,1,0.6785545180779939,1,0,1.7647316650660558,-1.9871068268953207
41005,OREGON,CLACKAMAS,1,0.5395977165387944,1,0,3.0396610282909253,-1.6173280571649795
41007,OREGON,CLATSOP,1,0.5401923881221247,0,2,1.0011873516347534,0.45514976243878136
41009,OREGON,COLUMBIA,0,0.4293783557307346,0,2,0.8810744232484993,0.3715235324985216
41011,OREGON,COOS,0,0.3841672285906945,0,2,-0.26511874804002156,0.13932389424929922
41013,OREGON,CROOK,0,0.2460512687726566,0,2,0.62733926853555,0.9032579399465284
41015,OREGON,CURRY,0,0.405896147403685,0,2,-0.03480641050691177,0.23523302630428125
41017,OREGON,DESCHUTES,1,0.5267099988820927,1,0,1.9901933539162824,-0.6179409034565597
41019,OREGON,DOUGLAS,0,0.2977513248069123,0,2,0.15283576399678683,0.3059947717297577
41021,OREGON,GILLIAM,0,0.2750424448217317,0,2,-0.4616651540662536,1.4571113143550676
41023,OREGON,GRANT,0,0.2021322889469103,0,2,-0.7546500923874173,0.7870518902363526
41025,OREGON,HARNEY,0,0.1995090381611247,0,2,-0.3657201092996703,1.3565233541297346
41027,OREGON,HOOD RIVER,1,0.6695187165775401,1,0,1.996985808915092,-0.020609495330453725
41029,OREGON,JACKSON,0,0.4677230369991743,0,2,0.9429870941077202,-0.3436503411374085
41031,OREGON,JEFFERSON,0,0.368756820280366,0,2,-0.7266731569178216,-0.3657661101376327
41033,OREGON,JOSEPHINE,0,0.3572936232838248,0,2,-0.421740749651971,0.21080690424249743
41035,OREGON,KLAMATH,0,0.2828513859391167,0,2,-0.6952575681693315,-0.08143777207289028
41037,OREGON,LAKE,0,0.181526472610589,0,2,-0.7099337841924839,0.8958638430128363
41039,OREGON,LANE,1,0.6045632679873838,1,2,0.5378906247382702,-1.1617607290994212
41041,OREGON,LINCOLN,1,0.5658074594805702,0,2,0.12152090680766564,-0.12035695795617693
41043,OREGON,LINN,0,0.3649779735682819,0,2,0.39995627964110386,-0.06619622218699388
41045,OREGON,MALHEUR,0,0.2761775669264656,0,2,-0.9383794300421198,0.5010731293178038
41047,OREGON,MARION,1,0.4885522007563401,1,2,0.783706058872137,-0.8795288901076372
41049,OREGON,MORROW,0,0.2678780773739742,0,2,-0.3596756059323539,1.1880422540492748
41051,OREGON,MULTNOMAH,1,0.7920670147673182,1,0,2.648550390785868,-3.0471607640792446
41053,OREGON,POLK,0,0.4745604771075355,0,0,1.0981021423465922,-0.2944939718043075
41055,OREGON,SHERMAN,0,0.2152317880794702,0,2,0.48324634902702346,2.061873365141917
41057,OREGON,TILLAMOOK,0,0.4776172430127901,0,2,0.5372195778495703,0.7372945876416158
41059,OREGON,UMATILLA,0,0.3240813608571947,0,2,-0.09498613096150396,-0.011569010451445918
41061,OREGON,UNION,0,0.2846627408993576,0,2,0.3038501317714178,0.5724933996599801
41063,OREGON,WALLOWA,0,0.31559526121577,0,2,0.7388444058717959,1.0975999493476607
41065,OREGON,WASCO,0,0.4673743807501769,0,2,0.20820161305928428,0.507054992610681
41067,OREGON,WASHINGTON,1,0.6553948165306593,1,0,3.6879679461337385,-3.3383128841596643
41069,OREGON,WHEELER,0,0.2248704663212435,0,2,-0.39089474667202456,1.7706150309756385
41071,OREGON,YAMHILL,0,0.4611781477521511,0,0,1.4698854598753934,-0.09547614951537191
42001,PENNSYLVANIA,ADAMS,0,0.3220198089847895,0,0,1.5965433324882912,0.2991198681757062
42003,PENNSYLVANIA,ALLEGHENY,1,0.5961446814304749,1,0,1.982596665310252,-2.3659550688938924
42005,PENNSYLVANIA,ARMSTRONG,0,0.2325268078086335,0,2,0.4398198698744623,0.7482784109928563
42007,PENNSYLVANIA,BEAVER,0,0.4050275174773167,0,0,1.018153600564267,-0.15945914202445
42009,PENNSYLVANIA,BEDFORD,0,0.1583738304199608,0,2,0.37210124609457645,1.0516594584808494
42011,PENNSYLVANIA,BERKS,0,0.4519558236839545,1,2,1.0288994870016164,-1.0080911310353085
42013,PENNSYLVANIA,BLAIR,0,0.2773173991666011,0,2,0.4781231097141603,0.3940079462364502
42015,PENNSYLVANIA,BRADFORD,0,0.2667860340196956,0,2,0.3928531354437623,0.7739506812381184
42017,PENNSYLVANIA,BUCKS,1,0.5166442051918816,1,0,3.798123577387182,-2.0962006328540954
42019,PENNSYLVANIA,BUTLER,0,0.3310357001014959,1,0,2.4980695195501084,-0.45165000284704093
42021,PENNSYLVANIA,CAMBRIA,0,0.3079037605917193,0,2,0.18383378089372054,0.2823541491626301
42023,PENNSYLVANIA,CAMERON,0,0.2604765817584223,0,2,-1.9021503085301343,1.3175767299191028
42025,PENNSYLVANIA,CARBON,0,0.3334027178922953,0,2,0.5166684896589754,0.5436164346184539
42027,PENNSYLVANIA,CENTRE,1,0.5168853961002929,1,0,1.8099867595364807,-1.4779626549884874
42029,PENNSYLVANIA,CHESTER,1,0.5798754856884852,1,0,4.505842462425921,-2.7373467982412336
42031,PENNSYLVANIA,CLARION,0,0.239983583850613,0,2,-0.07152915374531725,0.6765620465451494
42033,PENNSYLVANIA,CLEARFIELD,0,0.2453706052458018,0,2,-0.22156590665405398,0.37122320978304896
42035,PENNSYLVANIA,CLINTON,0,0.3121702127659574,0,2,-0.07865789970443458,0.741104182390432
42037,PENNSYLVANIA,COLUMBIA,0,0.3378781559783131,0,2,0.5632021466882514,0.484217311135211
42039,PENNSYLVANIA,CRAWFORD,0,0.3076849823826302,0,2,0.3262021053539907,0.49013298776918407
42041,PENNSYLVANIA,CUMBERLAND,0,0.4395988558918041,1,0,2.7609275282679655,-1.2489618615277573
42043,PENNSYLVANIA,DAUPHIN,1,0.5359576027360078,1,0,1.1025494280434056,-2.176701315167833
42045,PENNSYLVANIA,DELAWARE,1,0.6294708338034526,1,0,1.83673510363155,-3.1595653016781857
42047,PENNSYLVANIA,ELK,0,0.2674790015379155,0,2,0.4807574392411623,0.8801012152834083
42049,PENNSYLVANIA,ERIE,1,0.498136165680646,0,2,0.4946277776650658,-0.7562098745501659
42051,PENNSYLVANIA,FAYETTE,0,0.329004329004329,0,2,-0.44712519662695066,0.09613043662858226
42053,PENNSYLVANIA,FOREST,0,0.2751322751322751,0,2,-1.1881534907637015,0.5742622465061045
42055,PENNSYLVANIA,FRANKLIN,0,0.277558397187527,0,0,1.2867125592770785,0.12139891267207548
42057,PENNSYLVANIA,FULTON,0,0.1360160461326313,0,2,0.21646274945305466,1.241574425334391
42059,PENNSYLVANIA,GREENE,0,0.2779444224347727,0,2,0.32393802150387546,0.7791482311012367
42061,PENNSYLVANIA,HUNTINGDON,0,0.2388996138996139,0,2,0.3578331751109378,0.5555374326046754
42063,PENNSYLVANIA,INDIANA,0,0.306665372105442,0,2,-0.013498931015924703,0.1474551058649995
42065,PENNSYLVANIA,JEFFERSON,0,0.1983438485804416,0,2,0.08407729354036675,1.0827641521420726
42067,PENNSYLVANIA,JUNIATA,0,0.1870796313210994,0,2,0.6530082422402295,1.3970172065754127
42069,PENNSYLVANIA,LACKAWANNA,1,0.5371371631574386,0,2,1.0585522118223512,-0.5177280347162303
42071,PENNSYLVANIA,LANCASTER,0,0.4133864308679377,1,0,1.964931951893091,-0.8311696335742624
42073,PENNSYLVANIA,LAWRENCE,0,0.346774893653963,0,2,0.14332749619429702,0.25247131940768536
42075,PENNSYLVANIA,LEBANON,0,0.3340032378719366,0,2,0.882002520254746,-0.16045828214238375
42077,PENNSYLVANIA,LEHIGH,1,0.5321119791243714,1,0,1.1001936337172273,-1.6495290566135488
42079,PENNSYLVANIA,LUZERNE,0,0.4231188160786845,0,2,0.3080666779209255,-0.5768335280074702
42081,PENNSYLVANIA,LYCOMING,0,0.2864110439801532,0,2,0.5196780624546433,0.07561675878872584
42083,PENNSYLVANIA,MCKEAN,0,0.2618925305661153,0,2,-0.2952485761184035,0.6242092419766522
42085,PENNSYLVANIA,MERCER,0,0.3635124409014045,0,2,0.15300691422975532,0.033226013289116306
42087,PENNSYLVANIA,MIFFLIN,0,0.214073109478188,0,2,0.1848946679454519,1.1615069588319753
42089,PENNSYLVANIA,MONROE,1,0.5255937682663517,1,0,0.8069475842514414,-1.4329831917717193
42091,PENNSYLVANIA,MONTGOMERY,1,0.6262993549044706,1,0,4.075578216035695,-3.233784854396808
42093,PENNSYLVANIA,MONTOUR,0,0.3859379797359533,0,0,1.9593652742811247,0.3442096156686702
42095,PENNSYLVANIA,NORTHAMPTON,1,0.4977536240362228,1,0,2.0537646363481334,-1.1881497328395687
42097,PENNSYLVANIA,NORTHUMBERLAND,0,0.299813163682804,0,2,0.29360998561352525,0.6579747996864287
42099,PENNSYLVANIA,PERRY,0,0.2413597274054843,0,2,1.4365973205094138,0.8382144177798139
42101,PENNSYLVANIA,PHILADELPHIA,1,0.814416956555167,2,1,-1.4281717383651447,-4.993466071983883
42103,PENNSYLVANIA,PIKE,0,0.3999201327025865,0,2,0.8983010511014515,-0.5188917578731661
42105,PENNSYLVANIA,POTTER,0,0.190423654015887,0,2,-0.26360083031308745,1.1917832788445206
42107,PENNSYLVANIA,SCHUYLKILL,0,0.2935710947126893,0,2,0.3059199287914143,0.3519349770352888
42109,PENNSYLVANIA,SNYDER,0,0.2565308254963427,0,2,1.228077792908455,1.0038871450291524
42111,PENNSYLVANIA,SOMERSET,0,0.2134523838887107,0,2,0.437252628690048,0.7281643289084822
42113,PENNSYLVANIA,SULLIVAN,0,0.2561891515994436,0,2,0.06413993016268307,1.39638811675807
42115,PENNSYLVANIA,SUSQUEHANNA,0,0.286686281721221,0,2,0.39170207217195374,0.7358986567331611
42117,PENNSYLVANIA,TIOGA,0,0.2351126927639383,0,2,0.33633725533730824,0.836614439814393
42119,PENNSYLVANIA,UNION,0,0.3716132239622172,0,2,1.1271818015917898,0.26579875961533556
42121,PENNSYLVANIA,VENANGO,0,0.2859243063932449,0,2,0.04570414521563706,0.6239025320338094
42123,PENNSYLVANIA,WARREN,0,0.2937530266343826,0,2,0.4391725940930725,0.9392064062033749
42125,PENNSYLVANIA,WASHINGTON,0,0.38056010398555,1,0,1.6451305406202212,-0.3797530878586828
42127,PENNSYLVANIA,WAYNE,0,0.3272099398340987,0,2,0.6903702977175891,0.4853558021626678
42129,PENNSYLVANIA,WESTMORELAND,0,0.352369599945285,1,0,1.6936823964344965,-0.3783751411629791
42131,PENNSYLVANIA,WYOMING,0,0.3165971193969579,0,2,0.712148791209603,0.7566371228072643
42133,PENNSYLVANIA,YORK,0,0.3694956619463163,1,0,1.593307371376178,-0.7221031501799238
44001,RHODE ISLAND,BRISTOL,1,0.6352278726024987,1,0,3.469929173327723,-0.6045254282083594
44003,RHODE ISLAND,KENT,1,0.5275692049885599,1,0,2.449983102302632,-0.7590199975709345
44005,RHODE ISLAND,NEWPORT,1,0.638944266273728,1,0,3.108530159814446,-1.2531560432857092
44007,RHODE ISLAND,PROVIDENCE,1,0.6051777442814862,1,0,0.9184074923324818,-2.0908988655898892
44009,RHODE ISLAND,WASHINGTON,1,0.5857086510649487,1,0,3.0072673034989816,-1.087726172420825
45001,SOUTH CAROLINA,ABBEVILLE,0,0.3298479852006756,2,1,-1.4598004542798426,-0.474030974683137
45003,SOUTH CAROLINA,AIKEN,0,0.3788812584375183,2,1,-0.42000862456348653,-1.6084153703160489
45005,SOUTH CAROLINA,ALLENDALE,1,0.7564709156693571,2,1,-5.968796670349104,-3.24823602033136
45007,SOUTH CAROLINA,ANDERSON,0,0.2827365156671141,0,1,0.03784939725932607,-0.8255222802088525
45009,SOUTH CAROLINA,BAMBERG,1,0.6186362233878433,2,1,-3.2970712830608804,-2.364613355343307
45011,SOUTH CAROLINA,BARNWELL,0,0.4573200271291541,2,1,-3.6076599299039613,-1.5442604167185912
45013,SOUTH CAROLINA,BEAUFORT,0,0.4437982317166658,1,0,1.8796511767500423,-1.6957272151104108
45015,SOUTH CAROLINA,BERKELEY,0,0.4329299814279423,1,1,0.5315850929638491,-1.7192759726987528
45017,SOUTH CAROLINA,CALHOUN,0,0.4709926426245326,2,1,-2.110352892276723,-1.3251845505619637
45019,SOUTH CAROLINA,CHARLESTON,1,0.5550884824337353,1,0,1.518430215452878,-2.431623943030949
45021,SOUTH CAROLINA,CHEROKEE,0,0.2763355757815591,2,1,-1.7266044766026265,-0.30618676898733604
45023,SOUTH CAROLINA,CHESTER,0,0.4405026337500793,2,1,-2.046748965112129,-0.9794493630048975
45025,SOUTH CAROLINA,CHESTERFIELD,0,0.3936745073108709,2,1,-2.7923907128068026,-1.233449819894612
45027,SOUTH CAROLINA,CLARENDON,0,0.4930377099145401,2,1,-3.413013920981842,-2.3989301951852964
45029,SOUTH CAROLINA,COLLETON,0,0.4460924130062749,2,1,-2.6059512459662457,-1.367685526466471
45031,SOUTH CAROLINA,DARLINGTON,0,0.4695067402905882,2,1,-2.82447266464654,-1.7664473178910085
45033,SOUTH CAROLINA,DILLON,0,0.4912602091443401,2,1,-3.962991918500038,-1.7817807905775327
45035,SOUTH CAROLINA,DORCHESTER,0,0.4376924868656021,1,1,0.25730842321586966,-1.7808855736754081
45037,SOUTH CAROLINA,EDGEFIELD,0,0.372294046903187,2,1,-1.4854781160067123,-1.215183620703084
45039,SOUTH CAROLINA,FAIRFIELD,1,0.6082729070533949,2,1,-2.656926976016912,-2.240690613276252
45041,SOUTH CAROLINA,FLORENCE,0,0.4829173771508293,2,1,-1.339147796136689,-2.3066246321384396
45043,SOUTH CAROLINA,GEORGETOWN,0,0.4314934002399913,2,1,-0.7997570513041192,-1.6588370885160784
45045,SOUTH CAROLINA,GREENVILLE,0,0.3991013151013926,1,0,1.3332314627453372,-1.911277101161542
45047,SOUTH CAROLINA,GREENWOOD,0,0.3794601012310192,2,1,-1.6198383243823085,-1.4340800592167582
45049,SOUTH CAROLINA,HAMPTON,1,0.5720580333154218,2,1,-3.3309072585627573,-1.9604316382376246
45051,SOUTH CAROLINA,HORRY,0,0.3292460388107531,0,2,0.12037404181487293,-1.0367893974565758
45053,SOUTH CAROLINA,JASPER,1,0.4991663192997082,2,1,-2.2973659024705717,-1.8708109548710417
45055,SOUTH CAROLINA,KERSHAW,0,0.3776205061107972,2,1,-0.8164077554172647,-0.9206041854319275
45057,SOUTH CAROLINA,LANCASTER,0,0.3797425202534691,1,1,0.30786907000259184,-1.4283862399022573
45059,SOUTH CAROLINA,LAURENS,0,0.3332130674363684,2,1,-1.7327072952362816,-0.8426621636935625
45061,SOUTH CAROLINA,LEE,1,0.6320721148143755,2,1,-4.231421102956921,-2.539737132494644
45063,SOUTH CAROLINA,LEXINGTON,0,0.3410229096342205,1,0,0.9913814305152296,-1.3492803478166697
45065,SOUTH CAROLINA,MCCORMICK,0,0.4716517465332631,2,1,-1.6181246209154132,-1.3912470080395511
45067,SOUTH CAROLINA,MARION,1,0.6033732317736671,2,1,-4.079989848719477,-2.393883884071439
45069,SOUTH CAROLINA,MARLBORO,1,0.5495369561418836,2,1,-4.710959819496101,-2.156565086912649
45071,SOUTH CAROLINA,NEWBERRY,0,0.3734635822017068,2,1,-1.4811403735492656,-0.9016058323402356
45073,SOUTH CAROLINA,OCONEE,0,0.2560735713583161,0,2,0.060615083778899057,-0.20484319882352903
45075,SOUTH CAROLINA,ORANGEBURG,1,0.6624196092707195,2,1,-3.880758245845037,-3.398025882451363
45077,SOUTH CAROLINA,PICKENS,0,0.237114656101206,0,2,0.22187935323400762,-0.30517187389472644
45079,SOUTH CAROLINA,RICHLAND,1,0.6839780829833558,2,1,-0.6335515927410538,-3.711356856020997
45081,SOUTH CAROLINA,SALUDA,0,0.3194953633814966,2,1,-1.5162080039324093,-0.34485895417426204
45083,SOUTH CAROLINA,SPARTANBURG,0,0.3560324240691534,1,1,-0.032666653567764596,-1.5237571595921642
45085,SOUTH CAROLINA,SUMTER,1,0.5596688470973017,2,1,-2.292280872376324,-2.6721128482883345
45087,SOUTH CAROLINA,UNION,0,0.3722561665535189,2,1,-2.4682821240440944,-0.7818105959711547
45089,SOUTH CAROLINA,WILLIAMSBURG,1,0.6436659368157648,2,1,-3.680992600036145,-2.616122038650333
45091,SOUTH CAROLINA,YORK,0,0.4096355432141617,1,0,1.2909663606880049,-1.7729023834931725
46003,SOUTH DAKOTA,AURORA,0,0.2256227758007117,0,2,1.5184432092039972,2.0336958042755082
46005,SOUTH DAKOTA,BEADLE,0,0.2975568422539189,0,2,0.7872035833764482,-0.05965103129713347
46007,SOUTH DAKOTA,BENNETT,0,0.3939137785291631,2,1,-3.3883805046042035,-0.7250126278094977
46009,SOUTH DAKOTA,BON HOMME,0,0.2402532489170276,0,2,0.18753589116797867,1.2383231956349066
46011,SOUTH DAKOTA,BROOKINGS,0,0.4194412027184732,0,0,1.309385515236263,0.01588350329740502
46013,SOUTH DAKOTA,BROWN,0,0.3725993047244543,0,0,1.811667386245238,0.04840123789348893
46015,SOUTH DAKOTA,BRULE,0,0.2702811244979919,0,2,0.5826833966166942,1.2615687560835929
46017,SOUTH DAKOTA,BUFFALO,1,0.6411657559198543,2,1,-6.979763289291221,-2.135830850094355
46019,SOUTH DAKOTA,BUTTE,0,0.1955435235318617,0,2,0.12734425332929605,1.1371831195067665
46021,SOUTH DAKOTA,CAMPBELL,0,0.134020618556701,0,2,1.800189410948757,2.2367799731009916
46023,SOUTH DAKOTA,CHARLES MIX,0,0.3111287338091462,2,2,-1.5633515091209802,-0.10613485129652148
46025,SOUTH DAKOTA,CLARK,0,0.2362162162162162,0,2,0.6165532931173626,1.8675731513511273
46027,SOUTH DAKOTA,CLAY,1,0.5410670410670411,0,2,-0.03134226805078029,-0.3546915583616926
46029,SOUTH DAKOTA,CODINGTON,0,0.2915431958057898,0,2,0.7110299697765573,1.0577592021368574
46031,SOUTH DAKOTA,CORSON,0,0.4848012470771629,2,1,-6.918335414900836,-2.3930663296500474
46033,SOUTH DAKOTA,CUSTER,0,0.2770294867127775,0,0,0.7063560938333426,0.8491062483382006
46035,SOUTH DAKOTA,DAVISON,0,0.3132245091081145,0,2,0.7337285542599048,1.020549820659125
46037,SOUTH DAKOTA,DAY,0,0.3549257759784076,0,2,0.16837249440455018,1.5580772487864625
46039,SOUTH DAKOTA,DEUEL,0,0.2591489361702128,0,2,1.8135378824101869,1.8843908831840672
46041,SOUTH DAKOTA,DEWEY,1,0.5752797558494405,2,1,-5.803368841509988,-2.5525412004759582
46043,SOUTH DAKOTA,DOUGLAS,0,0.1265377855887522,0,2,1.2006769450317045,2.155133386276602
46045,SOUTH DAKOTA,EDMUNDS,0,0.2100755667506297,0,2,1.7130051655635512,1.7671524200366295
46047,SOUTH DAKOTA,FALL RIVER,0,0.2605145967342899,0,2,0.22797424789576168,1.1804827773084383
46049,SOUTH DAKOTA,FAULK,0,0.1675126903553299,0,2,-0.6021579773100195,1.3586927907400943
46051,SOUTH DAKOTA,GRANT,0,0.2819759679572763,0,2,1.3249842811936592,1.4022286829555979
46053,SOUTH DAKOTA,GREGORY,0,0.2015057573073516,0,2,0.01232272122074555,1.6986425157016427
46055,SOUTH DAKOTA,HAAKON,0,0.0923482849604221,0,2,-0.6934820093112324,2.33556624013581
46057,SOUTH DAKOTA,HAMLIN,0,0.2098605254622121,0,2,1.335337334806977,1.6511703749229425
46059,SOUTH DAKOTA,HAND,0,0.2031590413943355,0,2,1.3725946158432536,2.0628774441432403
46061,SOUTH DAKOTA,HANSON,0,0.233249581239531,0,2,0.5712499282951186,2.0068392216180526
46063,SOUTH DAKOTA,HARDING,0,0.060270602706027,0,2,1.4268104079326636,2.1306721536962665
46065,SOUTH DAKOTA,HUGHES,0,0.3385303221368795,0,0,1.8352257594168735,0.4374219492096585
46067,SOUTH DAKOTA,HUTCHINSON,0,0.2022829838067427,0,2,1.193580085274459,1.3653811244743999
46069,SOUTH DAKOTA,HYDE,0,0.1915492957746478,0,2,1.4205139918357306,2.0074353176584756
46071,SOUTH DAKOTA,JACKSON,0,0.3219730941704036,2,1,-5.0487158752539045,-0.42095948419343016
46073,SOUTH DAKOTA,JERAULD,0,0.268389662027833,0,2,0.949150874928886,2.313359292222247
46075,SOUTH DAKOTA,JONES,0,0.1502504173622704,0,2,0.14111267929281687,1.724770202449528
46077,SOUTH DAKOTA,KINGSBURY,0,0.2947103274559194,0,2,1.3926969313574544,1.845635648346439
46079,SOUTH DAKOTA,LAKE,0,0.3521198705942449,0,0,1.400251959299968,0.8867997356070444
46081,SOUTH DAKOTA,LAWRENCE,0,0.328102400925658,0,0,1.282492976020422,0.6166701312314106
46083,SOUTH DAKOTA,LINCOLN,0,0.3698296085936535,1,0,2.9761351055624465,0.030757322616736534
46085,SOUTH DAKOTA,LYMAN,0,0.3287413901064496,2,2,-1.4983959302210024,0.08254450797809013
46087,SOUTH DAKOTA,MCCOOK,0,0.2651724137931034,0,2,1.2780971633002949,1.5422092151991171
46089,SOUTH DAKOTA,MCPHERSON,0,0.1676737160120845,0,2,0.7930093512696631,1.897475862336302
46091,SOUTH DAKOTA,MARSHALL,0,0.3939393939393939,0,2,1.5410961976006363,1.19242328661671
46093,SOUTH DAKOTA,MEADE,0,0.2403072421360644,0,2,1.6364745012086774,0.7638538208644766
46095,SOUTH DAKOTA,MELLETTE,0,0.3875162548764629,2,1,-5.331524221829671,-0.491283539030054
46097,SOUTH DAKOTA,MINER,0,0.281195079086116,0,2,0.6671018347712878,2.1445310410348535
46099,SOUTH DAKOTA,MINNEHAHA,0,0.4384680371726274,1,0,1.8588080365477218,-0.5636268639526135
46101,SOUTH DAKOTA,MOODY,0,0.367747972551466,0,2,0.9530422178147352,0.6244815551916656
46102,SOUTH DAKOTA,OGLALA LAKOTA,1,0.8840625,2,1,-6.689610438951257,-2.571565723516697
46103,SOUTH DAKOTA,PENNINGTON,0,0.3582530686046107,0,2,0.9979540862248634,-0.36345123052687184
46105,SOUTH DAKOTA,PERKINS,0,0.1431995206710605,0,2,1.1495663197142998,1.6088639100342792
46107,SOUTH DAKOTA,POTTER,0,0.1644927536231884,0,2,1.246492907151982,1.7698261516370213
46109,SOUTH DAKOTA,ROBERTS,0,0.424425354074762,0,2,-1.436406177931527,0.09643813317528774
46111,SOUTH DAKOTA,SANBORN,0,0.2168776371308017,0,2,0.7203612763577687,2.0749029144225113
46115,SOUTH DAKOTA,SPINK,0,0.3155232374328169,0,2,1.357455942947801,1.4547412466865726
46117,SOUTH DAKOTA,STANLEY,0,0.2548426150121065,0,2,2.5035657787182304,1.6828866409786822
46119,SOUTH DAKOTA,SULLY,0,0.1989247311827957,0,2,1.063965597293568,2.1394860868095242
46121,SOUTH DAKOTA,TODD,1,0.773139031114612,2,1,-6.9377090061885935,-2.3305915523678116
46123,SOUTH DAKOTA,TRIPP,0,0.1836053412462908,0,2,-0.6006791995823556,0.777414619695729
46125,SOUTH DAKOTA,TURNER,0,0.2504397537379068,0,2,1.3778483385775797,1.35414834821087
46127,SOUTH DAKOTA,UNION,0,0.3077357425183512,0,2,2.126009663370845,0.6245148887827632
46129,SOUTH DAKOTA,WALWORTH,0,0.2189922480620155,0,2,-0.15856341018608325,0.8863203078575266
46135,SOUTH DAKOTA,YANKTON,0,0.368440366972477,0,2,1.3763474935958833,0.8945886539687591
46137,SOUTH DAKOTA,ZIEBACH,1,0.5309050772626932,2,1,-8.05159952665345,-3.0950531187244446
47001,TENNESSEE,ANDERSON,0,0.3300815293786899,0,2,0.20964579737834327,0.05055549863921467
47003,TENNESSEE,BEDFORD,0,0.2332879295892707,0,2,-0.08429570813538467,0.4350085146246259
47005,TENNESSEE,BENTON,0,0.2106060606060606,0,2,-1.1801720817874113,1.3053357028780324
47007,TENNESSEE,BLEDSOE,0,0.1686349426884335,0,2,-1.326674895085821,0.722121555946063
47009,TENNESSEE,BLOUNT,0,0.269212869131799,0,0,1.1677996204917642,0.11538157157999661
47011,TENNESSEE,BRADLEY,0,0.2147825138994876,0,2,0.14901526246049346,-0.04187922801665735
47013,TENNESSEE,CAMPBELL,0,0.1634634701667447,0,2,-1.5746247048723,0.6182986746344838
47015,TENNESSEE,CANNON,0,0.1923135580295867,0,2,-0.02458117238149976,1.4187525592758796
47017,TENNESSEE,CARROLL,0,0.2149517009659806,0,2,-0.6325894919728648,0.6682594477199038
47019,TENNESSEE,CARTER,0,0.1849175240894986,0,2,-0.6559530804200373,0.6851859819673469
47021,TENNESSEE,CHEATHAM,0,0.2721618953603159,0,2,0.9380368502750465,0.6599563696162327
47023,TENNESSEE,CHESTER,0,0.1861814345991561,0,2,-0.5980773430743338,0.47002851206730534
47025,TENNESSEE,CLAIBORNE,0,0.1701042873696407,0,2,-1.3366111651786938,0.7651362178317859
47027,TENNESSEE,CLAY,0,0.2096406160867085,0,2,-2.0038431710725324,1.471764921658567
47029,TENNESSEE,COCKE,0,0.170469075980887,0,2,-1.6529040519731453,0.6853308160565912
47031,TENNESSEE,COFFEE,0,0.2349476978832056,0,2,0.19202104854568716,0.39621102715721795
47033,TENNESSEE,CROCKETT,0,0.2260385999345764,0,2,-0.8925882518655545,0.5070246974644632
47035,TENNESSEE,CUMBERLAND,0,0.2084327271600731,0,2,0.06834096291844441,0.695655183901506
47037,TENNESSEE,DAVIDSON,1,0.6449147123600876,1,0,1.0904780759193833,-3.0332415160846535
47039,TENNESSEE,DECATUR,0,0.1724861667620683,0,2,-1.4765986669110518,1.052141048854235
47041,TENNESSEE,DEKALB,0,0.2055679548925173,0,2,-0.69213807232566,0.9534716509572452
47043,TENNESSEE,DICKSON,0,0.2510381120749907,0,2,0.5540739869667975,0.7239718318363481
47045,TENNESSEE,DYER,0,0.2094303335764971,0,2,-1.0945344584282533,0.010713716695858513
47047,TENNESSEE,FAYETTE,0,0.3057344239470936,0,1,-0.258563273882413,-1.1738443288405238
47049,TENNESSEE,FENTRESS,0,0.1390766410814526,0,2,-0.9417517624634857,1.202219113964414
47051,TENNESSEE,FRANKLIN,0,0.2542337445118127,0,2,-0.018704771124711028,0.6672274801594429
47053,TENNESSEE,GIBSON,0,0.2583837027087531,0,2,-0.9401756751829744,-0.16476516402541322
47055,TENNESSEE,GILES,0,0.2497917140043929,0,2,-0.3636884919195984,0.4611850311720262
47057,TENNESSEE,GRAINGER,0,0.1447602131438721,0,2,-0.6340918402018854,1.3221003206902424
47059,TENNESSEE,GREENE,0,0.1851034286324634,0,2,-0.43565774077949937,0.7591896037568152
47061,TENNESSEE,GRUNDY,0,0.1687446626814688,0,2,-1.4587346845920397,0.8595205955757468
47063,TENNESSEE,HAMBLEN,0,0.2232958466972514,0,2,-0.8882173565389251,0.16896746944038826
47065,TENNESSEE,HAMILTON,0,0.4413574655344713,1,0,0.805583131459807,-1.6365924235344458
47067,TENNESSEE,HANCOCK,0,0.1319241982507288,2,2,-3.4381983480884495,1.0717546888980634
47069,TENNESSEE,HARDEMAN,0,0.4153830865547053,2,1,-3.442496981593271,-1.8898631405109527
47071,TENNESSEE,HARDIN,0,0.1538394869128098,0,2,-0.591179890603433,1.0332528509392516
47073,TENNESSEE,HAWKINS,0,0.1644779245891073,0,2,-0.7613271752916734,0.5669797281238635
47075,TENNESSEE,HAYWOOD,1,0.5393198010485281,2,1,-3.0181520199501666,-1.5145154436772896
47077,TENNESSEE,HENDERSON,0,0.1740432612312812,0,2,-1.433276794599712,0.523965076028507
47079,TENNESSEE,HENRY,0,0.2357945105336611,0,2,-1.0372359298615739,0.6085633468134984
47081,TENNESSEE,HICKMAN,0,0.2166395443449959,0,2,-0.3452324944012253,1.2815672535497886
47083,TENNESSEE,HOUSTON,0,0.2362995116657623,0,2,-0.8443608667200403,1.3790541865147905
47085,TENNESSEE,HUMPHREYS,0,0.2449004371053909,0,2,-0.9723077100087867,0.6530194236738203
47087,TENNESSEE,JACKSON,0,0.213225624647755,0,2,-1.3537691522126434,1.404700223020669
47089,TENNESSEE,JEFFERSON,0,0.1970697831978319,0,2,0.060241604095309126,0.6295546511697782
47091,TENNESSEE,JOHNSON,0,0.1597231124214844,0,2,-1.044884872389908,1.4378888385388933
47093,TENNESSEE,KNOX,0,0.4145069732856961,1,0,1.4579206601140535,-1.249925336476187
47095,TENNESSEE,LAKE,0,0.2586037364798427,2,1,-3.489889656604196,-0.5718760389591105
47097,TENNESSEE,LAUDERDALE,0,0.3561628555493586,2,1,-2.4502520121368727,-0.7687704690027444
47099,TENNESSEE,LAWRENCE,0,0.1706913131744844,0,2,-1.0493434458965882,0.700707187691885
47101,TENNESSEE,LEWIS,0,0.1911214120164022,0,2,-1.1740671005107672,1.3553476433817702
47103,TENNESSEE,LINCOLN,0,0.187019477191184,0,2,0.341169096457843,0.6067590322476483
47105,TENNESSEE,LOUDON,0,0.2367533308344975,0,0,1.2169192890084541,0.3474146047114849
47107,TENNESSEE,MCMINN,0,0.1909035195237261,0,2,-0.4796771549120222,0.48535407718816626
47109,TENNESSEE,MCNAIRY,0,0.1723281596452328,0,2,-1.346924651830812,0.8106944661650625
47111,TENNESSEE,MACON,0,0.1377674712764836,0,2,-0.9317536498645433,1.4468365107213879
47113,TENNESSEE,MADISON,0,0.4281722933643772,2,1,-1.5924164201263868,-2.065340177889645
47115,TENNESSEE,MARION,0,0.2396650573325286,0,2,-0.5468539676561477,0.9400506381146294
47117,TENNESSEE,MARSHALL,0,0.2423040731281086,0,2,-0.45070542330525803,0.4530963336753714
47119,TENNESSEE,MAURY,0,0.3090211543819791,0,2,0.9343894304350172,-0.2351186989250919
47121,TENNESSEE,MEIGS,0,0.1822125813449024,0,2,-1.0955457957806665,1.0384410948837204
47123,TENNESSEE,MONROE,0,0.18098764244843,0,2,-0.723887887730638,0.6526268626449659
47125,TENNESSEE,MONTGOMERY,0,0.4230438521066208,1,1,0.39180337453808717,-1.6041062108801403
47127,TENNESSEE,MOORE,0,0.1619101441085052,0,2,1.1818204863602246,0.8562286523257926
47129,TENNESSEE,MORGAN,0,0.1418327661643169,0,2,-1.6143972287842732,0.827244762497959
47131,TENNESSEE,OBION,0,0.1914799201242511,0,2,-1.3937678981996586,0.3495906483210323
47133,TENNESSEE,OVERTON,0,0.2025505629172063,0,2,-0.8933056557970136,1.5624909444627002
47135,TENNESSEE,PERRY,0,0.1794049008168028,0,2,-1.7759753206348543,0.7628780393515835
47137,TENNESSEE,PICKETT,0,0.1791197543500511,0,2,-0.9560856352310091,1.8202291856245378
47139,TENNESSEE,POLK,0,0.1784688995215311,0,2,-0.5007597470121062,1.2792342902175426
47141,TENNESSEE,PUTNAM,0,0.2734200577501265,0,2,-0.1444387288640898,0.18215163544493723
47143,TENNESSEE,RHEA,0,0.1737185598005426,0,2,-1.0038432273695201,0.5292625323572728
47145,TENNESSEE,ROANE,0,0.233167419068565,0,2,0.20975424537752138,0.43382812367055773
47147,TENNESSEE,ROBERTSON,0,0.2577928048165613,0,2,0.7288324650788853,0.02788340882987335
47149,TENNESSEE,RUTHERFORD,0,0.4124397058619108,1,0,1.4321504249583485,-1.665622497061718
47151,TENNESSEE,SCOTT,0,0.1089262041537781,0,2,-1.9097118176238788,1.2256733442302163
47153,TENNESSEE,SEQUATCHIE,0,0.1789851075565361,0,2,-0.9522411803429034,1.3851790595383706
47155,TENNESSEE,SEVIER,0,0.2003215803376593,0,2,0.2641119717938147,0.5056155340350932
47157,TENNESSEE,SHELBY,1,0.6441611809817959,2,1,-1.5502890038608588,-4.330395442371072
47159,TENNESSEE,SMITH,0,0.199094022759916,0,2,-0.0914813978614965,1.1300025498355686
47161,TENNESSEE,STEWART,0,0.1956797966963151,0,2,-0.1700729108192581,1.0779407256301927
47163,TENNESSEE,SULLIVAN,0,0.2322847882512742,0,2,0.08811166417693245,0.03196958450360669
47165,TENNESSEE,SUMNER,0,0.2988232753967397,1,0,1.6436547189924038,-0.5724140129288106
47167,TENNESSEE,TIPTON,0,0.2503661930569796,0,2,-0.05285746911707423,-0.43352786563543816
47169,TENNESSEE,TROUSDALE,0,0.2531265632816408,0,2,-0.06669819594881818,0.8780312864204862
47171,TENNESSEE,UNICOI,0,0.1944143493439268,0,2,-0.6516337117379839,1.0965538915418376
47173,TENNESSEE,UNION,0,0.1537609257663424,0,2,-1.111037489333242,1.242544572847715
47175,TENNESSEE,VAN BUREN,0,0.1862375898664841,0,2,-0.7343315277319881,1.8779649109020866
47177,TENNESSEE,WARREN,0,0.2451121244300081,0,2,-0.8224014462737719,0.8757737043627116
47179,TENNESSEE,WASHINGTON,0,0.3095859010348321,0,2,0.6550095492556911,-0.27051200081425186
47181,TENNESSEE,WAYNE,0,0.1229569650622282,0,2,-0.9549549060614534,1.0919927473840678
47183,TENNESSEE,WEAKLEY,0,0.2198762286130324,0,2,-0.8664217368413114,0.617404996788007
47185,TENNESSEE,WHITE,0,0.1801597309794031,0,2,-0.5008376132236273,1.2400892416882183
47187,TENNESSEE,WILLIAMSON,0,0.3608289693272716,1,0,5.149585838403749,-2.188256846814782
47189,TENNESSEE,WILSON,0,0.2993945916857258,1,0,2.3485275253494398,-0.768278023041097
48001,TEXAS,ANDERSON,0,0.2057003172621833,0,2,-0.6333512125811595,-0.08782300488886877
48003,TEXAS,ANDREWS,0,0.1449769742452669,0,2,0.6556782901588168,0.6331663490532295
48005,TEXAS,ANGELINA,0,0.2644472725169202,0,1,-0.9298536950952243,-0.5706575855834716
48007,TEXAS,ARANSAS,0,0.2372660699755899,0,2,-1.1951085713176983,0.0034213488701260197
48009,TEXAS,ARCHER,0,0.0929941618015012,0,2,0.8399594047693675,1.2095184405384265
48011,TEXAS,ARMSTRONG,0,0.0674460431654676,0,2,1.7133850045984211,1.8446424971844047
48013,TEXAS,ATASCOSA,0,0.3243183574345954,0,2,-0.039751418291364145,0.30584070301529964
48015,TEXAS,AUSTIN,0,0.2027621272502404,0,2,0.2884676583979897,-0.20913481007248708
48017,TEXAS,BAILEY,0,0.2198924731182795,0,2,0.36322693016943375,1.6132104065570099
48019,TEXAS,BANDERA,0,0.197011403853716,0,2,0.2050639729164756,0.3548877116223012
48021,TEXAS,BASTROP,0,0.4220373653347879,0,2,0.5665645301059573,-0.8466553474163402
48023,TEXAS,BAYLOR,0,0.1075205640423031,0,2,-0.13629798583544325,1.8837954414734426
48025,TEXAS,BEE,0,0.3490445859872611,0,2,-1.3708161639031466,0.2345653391494109
48027,TEXAS,BELL,0,0.4476074582924436,2,1,-0.4366652203776967,-2.183614051158827
48029,TEXAS,BEXAR,1,0.5817871404144688,1,0,0.6064703598882824,-2.0292821997338173
48031,TEXAS,BLANCO,0,0.2568203198494826,0,0,1.2201933761122357,0.32688607458175156
48033,TEXAS,BORDEN,0,0.0384615384615384,0,0,2.420643927705165,1.1541212136833363
48035,TEXAS,BOSQUE,0,0.1710497479728249,0,2,0.2249853556402252,0.8764957362983247
48037,TEXAS,BOWIE,0,0.2808865424322417,2,1,-0.6708474720117189,-1.1093037735524918
48039,TEXAS,BRAZORIA,0,0.40151241418469,1,0,2.1971418353564878,-2.603921290319521
48041,TEXAS,BRAZOS,0,0.4155723539577479,1,0,0.17579923043373566,-1.8527774723794863
48043,TEXAS,BREWSTER,0,0.4682704272086271,0,0,0.9957658107574863,-0.02507132310753917
48045,TEXAS,BRISCOE,0,0.1075862068965517,0,2,-0.8365689390384553,2.094518626765588
48047,TEXAS,BROOKS,1,0.5917874396135265,2,2,-2.7627130207284685,1.471763846608438
48049,TEXAS,BROWN,0,0.1319431398334272,0,2,0.16165652264177513,0.6365258389619006
48051,TEXAS,BURLESON,0,0.2076896271343942,0,2,0.20884381616262077,0.2566640910246483
48053,TEXAS,BURNET,0,0.2281425739369664,0,0,1.4450448909671836,0.48485091447124334
48055,TEXAS,CALDWELL,0,0.4456020837507513,0,2,0.12716909305454224,0.35843513691758555
48057,TEXAS,CALHOUN,0,0.2734215885947046,0,2,0.6905822388260509,-0.2016207079365445
48059,TEXAS,CALLAHAN,0,0.1074355971896955,0,2,0.6373657025559268,1.1414673723154043
48061,TEXAS,CAMERON,1,0.5610997249811691,0,2,-1.341375127510049,-0.22770687397162456
48063,TEXAS,CAMP,0,0.2754940711462451,2,2,-1.3851372366511243,-0.13154023246787266
48065,TEXAS,CARSON,0,0.0951313260730301,0,2,1.8602262596115586,1.2005452042773017
48067,TEXAS,CASS,0,0.2006893085373734,2,2,-1.4094109887004744,-0.3690424379367703
48069,TEXAS,CASTRO,0,0.2237157945271243,0,2,0.18666347173944853,1.4993924611230744
48071,TEXAS,CHAMBERS,0,0.1846018843524847,1,0,1.0388788166991456,-0.6473074005417918
48073,TEXAS,CHEROKEE,0,0.2158088989132663,0,2,-0.7378904472898726,-0.197437470963146
48075,TEXAS,CHILDRESS,0,0.136024572180781,0,2,-0.9555170485968536,0.5927930361208754
48077,TEXAS,CLAY,0,0.1068941504178273,0,2,1.0637858417359771,1.0820095464815407
48079,TEXAS,COCHRAN,0,0.177,2,2,-3.0694158929486157,0.9512708700192853
48081,TEXAS,COKE,0,0.1000562113546936,0,2,0.2227693634111203,1.7445643175084637
48083,TEXAS,COLEMAN,0,0.1093598448108632,0,2,-0.6467062493381331,1.0321320520072044
48085,TEXAS,COLLIN,0,0.4704944016167674,1,0,4.81213189227643,-4.9711663305386
48087,TEXAS,COLLINGSWORTH,0,0.1272577996715928,0,2,-1.6961570525962706,0.5758487587066148
48089,TEXAS,COLORADO,0,0.2426065162907268,0,2,-0.07624259171786467,0.11133765977659525
48091,TEXAS,COMAL,0,0.2792827251046213,1,0,2.599264001999683,-0.7007082554728087
48093,TEXAS,COMANCHE,0,0.1401577390732829,0,2,-0.1353221608560275,0.7096963855192754
48095,TEXAS,CONCHO,0,0.1553627760252366,0,2,0.2606922054392155,1.933968731145051
48097,TEXAS,COOKE,0,0.1689829437776374,0,2,0.7287888019715197,0.46465961502071773
48099,TEXAS,CORYELL,0,0.322010811731154,0,2,0.021485664022168116,-0.5668324002078976
48101,TEXAS,COTTLE,0,0.1706948640483383,2,2,-2.3323635630936046,0.9027036160383252
48103,TEXAS,CRANE,0,0.1603459747172322,0,2,0.1828153230539889,0.47350469877712265
48105,TEXAS,CROCKETT,0,0.218551461245235,0,2,-1.1844946355471968,0.7974630322813858
48107,TEXAS,CROSBY,0,0.2698412698412698,0,2,-1.5087536696982762,1.038510813377002
48109,TEXAS,CULBERSON,1,0.5069444444444444,2,2,-3.4455373049489038,0.46215392662943316
48111,TEXAS,DALLAM,0,0.1224362958359229,0,2,-0.06308299404538138,1.167345666341258
48113,TEXAS,DALLAS,1,0.6509770484957107,1,0,0.8065747476835998,-3.618136753874264
48115,TEXAS,DAWSON,0,0.2132488783320137,2,2,-2.0021686831785277,0.24638754411409924
48117,TEXAS,DEAF SMITH,0,0.2741865509761388,0,2,-0.34590220835079466,1.0538682937634174
48119,TEXAS,DELTA,0,0.1554783950617284,0,2,-0.49881462374152935,0.9581762945974689
48121,TEXAS,DENTON,0,0.4514623268989673,1,0,3.642104854819768,-3.4224903855686915
48123,TEXAS,DEWITT,0,0.1840354767184035,0,2,-1.285965575695878,-0.09667729001947198
48125,TEXAS,DICKENS,0,0.131578947368421,0,2,-0.9258997813769069,1.413967830687838
48127,TEXAS,DIMMIT,1,0.6175668303327878,2,1,-4.1338728388032155,0.09240003030178358
48129,TEXAS,DONLEY,0,0.1201456310679611,0,2,0.234340559196484,1.724758277954914
48131,TEXAS,DUVAL,1,0.5095982584603206,0,2,-1.6770388178018434,1.135455632754474
48133,TEXAS,EASTLAND,0,0.1185337031231158,0,2,-0.680325593645146,1.063949603769039
48135,TEXAS,ECTOR,0,0.2549169114843803,0,2,-0.04469864346214455,-0.6265497241709771
48137,TEXAS,EDWARDS,0,0.1575984990619137,0,2,0.4008665401147087,2.749616677090813
48139,TEXAS,ELLIS,0,0.3224240581100207,1,0,1.662092012179511,-0.7190593756929939
48141,TEXAS,EL PASO,1,0.6678163979169869,0,1,-0.48103378071303965,-1.2569770729113714
48143,TEXAS,ERATH,0,0.1729947793070716,0,2,0.3919646096091917,0.1954900169070728
48145,TEXAS,FALLS,0,0.3096363932822436,2,2,-2.7354942690766753,-0.3888248991538419
48147,TEXAS,FANNIN,0,0.1769174385286866,0,2,0.3021036578327662,0.49417855060031696
48149,TEXAS,FAYETTE,0,0.2056255312572444,0,2,0.7861506792432557,0.5054794660905867
48151,TEXAS,FISHER,0,0.1927710843373494,0,2,0.21436373945974482,1.429796547287367
48153,TEXAS,FLOYD,0,0.2148111819519372,0,2,-0.26356488004916884,1.4909720411074754
48155,TEXAS,FOARD,0,0.1796733212341197,0,2,-1.38177059216898,1.5433042235224346
48157,TEXAS,FORT BEND,1,0.5469771813131793,1,0,4.054429246632185,-6.472663148040567
48159,TEXAS,FRANKLIN,0,0.1605110800558993,0,0,0.6729042039002694,0.4134554782616231
48161,TEXAS,FREESTONE,0,0.1876937205831707,0,2,-0.5011414349997192,0.32504985853081203
48163,TEXAS,FRIO,0,0.4587990149649555,0,2,-1.3101297463045845,0.4931697440179411
48165,TEXAS,GAINES,0,0.09606404269513,0,2,-0.020333261732324675,1.001227813052379
48167,TEXAS,GALVESTON,0,0.3794789113891397,1,0,1.4510992556513844,-1.8954607443847722
48169,TEXAS,GARZA,0,0.1397459165154265,0,2,-1.1729589951087749,-0.06354313238294194
48171,TEXAS,GILLESPIE,0,0.200378548895899,0,0,1.4078908981329687,0.3614535795283272
48173,TEXAS,GLASSCOCK,0,0.0597243491577335,0,2,0.7367880663098463,1.1775808025768373
48175,TEXAS,GOLIAD,0,0.2195244055068836,0,2,-0.22954282546246976,1.1384227327476903
48177,TEXAS,GONZALES,0,0.2547071129707113,0,2,-0.20894237900508705,0.39093213318237235
48179,TEXAS,GRAY,0,0.1065278848625032,0,2,-0.45174360894937526,0.6287122253060712
48181,TEXAS,GRAYSON,0,0.243904899620002,0,2,0.6157079190532392,-0.19228028568333883
48183,TEXAS,GREGG,0,0.3083656371139177,0,1,-0.5361402361106835,-0.8515786974031461
48185,TEXAS,GRIMES,0,0.2282100853874657,0,2,-0.4882752764295887,-0.12641407570546423
48187,TEXAS,GUADALUPE,0,0.371107589636558,1,0,1.4729580507073055,-1.1046990301299433
48189,TEXAS,HALE,0,0.2377425412059253,0,2,-0.6109965011657309,0.5898995574658313
48191,TEXAS,HALL,0,0.1437125748502994,2,2,-2.206465059886187,0.49015282689648704
48193,TEXAS,HAMILTON,0,0.147322454608136,0,2,-0.270278696829274,1.5249307145579887
48195,TEXAS,HANSFORD,0,0.0810942843185149,0,2,-1.0043449044094395,0.7456324954841491
48197,TEXAS,HARDEMAN,0,0.1525316455696202,0,2,-0.6888886520701049,1.2590586653636031
48199,TEXAS,HARDIN,0,0.1257101501718834,0,2,0.5728913060957086,0.44391278360191655
48201,TEXAS,HARRIS,1,0.5595946655875301,1,0,0.7848655873096734,-3.8885008707534046
48203,TEXAS,HARRISON,0,0.266110307231551,2,1,-0.8280149003776255,-0.8372624556125903
48205,TEXAS,HARTLEY,0,0.0938402309913378,0,2,1.1117175037839269,1.298550026089498
48207,TEXAS,HASKELL,0,0.1594399277326106,0,2,-0.8640744343376232,1.0054703140511838
48209,TEXAS,HAYS,1,0.5441199323552265,1,0,1.3709516178426864,-0.9860647984795999
48211,TEXAS,HEMPHILL,0,0.1197674418604651,0,2,0.058378250475169015,1.1704377693864683
48213,TEXAS,HENDERSON,0,0.1943993171242118,0,2,-0.5050630572456518,0.0876302257580174
48215,TEXAS,HIDALGO,1,0.5803906122670723,2,2,-1.7134596917527531,-0.9759661216895533
48217,TEXAS,HILL,0,0.1915477864844953,0,2,-0.14126750043264855,0.2939324556096742
48219,TEXAS,HOCKLEY,0,0.1829629629629629,0,2,-0.8685300126678501,0.5817613998032962
48221,TEXAS,HOOD,0,0.1735656556344304,0,0,1.5731145947205107,0.05233633094109893
48223,TEXAS,HOPKINS,0,0.1910796060472994,0,2,0.24915436049292425,0.2967851432740047
48225,TEXAS,HOUSTON,0,0.2451790633608815,0,1,-1.2565999722059558,-0.030755346018723317
48227,TEXAS,HOWARD,0,0.2020310516551118,0,2,-0.5730172482436782,0.12272315998545445
48229,TEXAS,HUDSPETH,0,0.3184549356223176,2,2,-2.7129657596982533,0.18646985126620963
48231,TEXAS,HUNT,0,0.2307433220198461,0,2,0.12167619835398977,-0.3283032288180589
48233,TEXAS,HUTCHINSON,0,0.1099965804171891,0,2,-0.32375270484435237,0.5479991706129762
48235,TEXAS,IRION,0,0.1349831271091113,0,2,-0.5790133774178727,1.0251384234350218
48237,TEXAS,JACK,0,0.0875198307773664,0,2,-0.027529366773798677,1.410488817537093
48239,TEXAS,JACKSON,0,0.1626003462930899,0,2,-0.2291336581055214,0.6502165410226318
48241,TEXAS,JASPER,0,0.189225546089296,2,2,-2.2511493859897187,-0.438152786324707
48243,TEXAS,JEFF DAVIS,0,0.3839080459770115,0,2,0.47388727685552257,1.5840822248688444
48245,TEXAS,JEFFERSON,0,0.4862123914351143,2,1,-1.0951146968092678,-2.465760113986267
48247,TEXAS,JIM HOGG,1,0.5879174852652259,2,2,-2.889735385013778,1.324166200803865
48249,TEXAS,JIM WELLS,0,0.447655278367108,0,2,-0.6861397442677001,0.9784202487011956
48251,TEXAS,JOHNSON,0,0.2286031657872813,0,0,1.1149595698431904,0.09791924888048839
48253,TEXAS,JONES,0,0.1481975967957276,0,2,-0.5053564160641122,0.08094437490576929
48255,TEXAS,KARNES,0,0.2349581111957349,0,2,-0.25987957347872437,0.6270677344753501
48257,TEXAS,KAUFMAN,0,0.3245001586797842,0,2,0.6833152142233835,-0.7777965060995254
48259,TEXAS,KENDALL,0,0.227582035384848,1,0,3.5368872647684544,-0.6799338511308226
48261,TEXAS,KENEDY,0,0.3350515463917525,0,2,0.0906395568096627,3.5893830968913125
48263,TEXAS,KENT,0,0.1017316017316017,0,0,0.6312157541646586,1.5890047620086352
48265,TEXAS,KERR,0,0.2351414669309785,0,2,0.8556463811966211,0.08519226484738204
48267,TEXAS,KIMBLE,0,0.1239092495636998,0,2,-0.2877581596739499,1.2533450298840332
48269,TEXAS,KING,0,0.050314465408805,2,2,-3.46756316477144,1.9690648833292899
48271,TEXAS,KINNEY,0,0.2782283218964441,0,2,0.015119580481946927,2.191112283828013
48273,TEXAS,KLEBERG,0,0.485562865497076,0,2,-1.2240290694375475,-0.0637418449628933
48275,TEXAS,KNOX,0,0.1820054945054945,0,2,-0.22316933584915777,0.9985970859810545
48277,TEXAS,LAMAR,0,0.2079097099151198,0,2,-0.6469620660560331,0.029606575379855306
48279,TEXAS,LAMB,0,0.1904761904761904,0,2,-1.0157228640961224,1.1324374017285919
48281,TEXAS,LAMPASAS,0,0.2061736705452447,0,2,0.25264952463584384,0.19144478085943076
48283,TEXAS,LA SALLE,0,0.4372402327514547,0,2,-0.9100297812556567,1.4437853737905226
48285,TEXAS,LAVACA,0,0.1307247229577326,0,2,0.372196026962038,0.692626381703697
48287,TEXAS,LEE,0,0.2163966860393223,0,2,0.2008175011675307,0.6660807650537687
48289,TEXAS,LEON,0,0.1235877334563062,0,2,-1.0695592644618988,0.6625298765344436
48291,TEXAS,LIBERTY,0,0.1972114270130224,0,2,-1.0159517961316626,-0.13778863955636553
48293,TEXAS,LIMESTONE,0,0.2433205057724024,2,2,-1.4128578311039437,-0.21173537171447288
48295,TEXAS,LIPSCOMB,0,0.0968218773096821,0,2,0.21017005433219144,0.7649536218293419
48297,TEXAS,LIVE OAK,0,0.1620498614958448,0,2,-0.45109297137766285,1.349218907581082
48299,TEXAS,LLANO,0,0.1947077409162717,0,0,0.9641204549355489,0.5275789855181795
48301,TEXAS,LOVING,0,0.0606060606060606,0,2,0.2701544267851066,4.223183499343766
48303,TEXAS,LUBBOCK,0,0.3312199442131488,0,2,0.29914492528566283,-1.0176334628912858
48305,TEXAS,LYNN,0,0.1866550370693414,0,2,-0.42489754363989407,1.1999220389050842
48307,TEXAS,MCCULLOCH,0,0.1426076833527357,0,2,-0.49879640687610083,0.8841276545012239
48309,TEXAS,MCLENNAN,0,0.3748569560241949,0,2,-0.3383397210452106,-0.9831084269967012
48311,TEXAS,MCMULLEN,0,0.1027131782945736,0,2,0.050667661839039896,1.9265590446597654
48313,TEXAS,MADISON,0,0.2053605134012835,0,2,0.04752444971787247,-0.43006701050595936
48315,TEXAS,MARION,0,0.2752878289473684,2,2,-2.5446743853436664,-0.47234184185662004
48317,TEXAS,MARTIN,0,0.1333333333333333,0,2,0.582881009828282,1.129038246941603
48319,TEXAS,MASON,0,0.1847210994341148,0,0,1.3959217113150957,0.7303642861288837
48321,TEXAS,MATAGORDA,0,0.271945800247687,2,2,-1.107377833289876,-0.7397633031740973
48323,TEXAS,MAVERICK,1,0.5429427863938485,2,2,-2.0627670503537097,0.21703262700250875
48325,TEXAS,MEDINA,0,0.2989363110738403,0,2,0.9044249718474611,0.3907280074439764
48327,TEXAS,MENARD,0,0.1916342412451362,0,2,-0.20303223215861144,1.16200901031778
48329,TEXAS,MIDLAND,0,0.2094666915849742,1,0,1.877537771641135,-0.9255249060195192
48331,TEXAS,MILAM,0,0.2359614293817356,0,2,-0.926750662641812,0.36191853549039227
48333,TEXAS,MILLS,0,0.1081836327345309,0,2,0.5202098589493221,1.6982916939713242
48335,TEXAS,MITCHELL,0,0.1539356339666537,0,2,-0.4536080556786016,1.0079629870021973
48337,TEXAS,MONTAGUE,0,0.1117221713005397,0,2,-0.058043597498227545,0.897897134612249
48339,TEXAS,MONTGOMERY,0,0.2739050537115668,1,0,2.449875535979432,-1.5952874459696917
48341,TEXAS,MOORE,0,0.1928104575163398,0,2,0.3768711034617282,-0.20242074644861419
48343,TEXAS,MORRIS,0,0.2987291927689278,2,2,-2.0100693700362657,-0.19593452659782162
48345,TEXAS,MOTLEY,0,0.0705521472392638,0,2,-0.10495980982278896,1.9757339184873088
48347,TEXAS,NACOGDOCHES,0,0.3360089602389397,2,2,-1.7326008212490673,-0.9448765666903229
48349,TEXAS,NAVARRO,0,0.2667468493437222,0,2,-0.7845220323327312,-0.10967075838822628
48351,TEXAS,NEWTON,0,0.1924844108959632,2,1,-3.319977270964364,-0.38188575980985234
48353,TEXAS,NOLAN,0,0.2169124509986933,0,2,-1.2829583330363261,0.7083626774461609
48355,TEXAS,NUECES,0,0.4785111763874271,0,2,0.22466277152438108,-0.7631678313531266
48357,TEXAS,OCHILTREE,0,0.0956907477820025,0,2,-0.3493521226952657,1.0756396705783793
48359,TEXAS,OLDHAM,0,0.0802775024777007,0,2,1.2657803564887966,1.739528342234547
48361,TEXAS,ORANGE,0,0.1766127687947991,0,2,0.40609556764890836,0.014879582913229562
48363,TEXAS,PALO PINTO,0,0.1743934662503002,0,2,0.013361048638163868,0.6081127891556898
48365,TEXAS,PANOLA,0,0.1796349663784822,0,2,-0.3620365545130294,0.4318647723059436
48367,TEXAS,PARKER,0,0.1709883354350567,1,0,2.085247779957231,-0.19328999557751292
48369,TEXAS,PARMER,0,0.1841509433962264,0,2,0.3513081195722911,1.3234585059310595
48371,TEXAS,PECOS,0,0.2960582690659811,0,2,0.01671345154677603,1.1043830887021482
48373,TEXAS,POLK,0,0.2227321591003059,0,2,-1.145948179988854,-0.21336185096916052
48375,TEXAS,POTTER,0,0.2975972643009269,0,2,-0.5250265804734052,-0.7314845655316584
48377,TEXAS,PRESIDIO,1,0.6599007668019846,2,1,-4.017198741812882,0.15469918806364255
48379,TEXAS,RAINS,0,0.1391045762431852,0,2,0.08968879781634616,1.2190308918255548
48381,TEXAS,RANDALL,0,0.1979466246095803,1,0,1.7320202526819206,-0.39514922543996756
48383,TEXAS,REAGAN,0,0.1530249110320284,0,2,-0.8502596735807009,0.04773749136797914
48385,TEXAS,REAL,0,0.1614530776992936,0,2,-0.9793096938361128,2.1041946597414163
48387,TEXAS,RED RIVER,0,0.2146055804340337,0,2,-1.728946169874121,0.4724415731956384
48389,TEXAS,REEVES,0,0.3781512605042016,0,2,-1.2190522347127155,-0.052584260179517506
48391,TEXAS,REFUGIO,0,0.3291740938799762,0,2,-1.0818633068222663,0.9039902265527556
48393,TEXAS,ROBERTS,0,0.0309090909090909,0,2,1.0217445998853107,2.2793693006817253
48395,TEXAS,ROBERTSON,0,0.2931226077293493,2,2,-1.316637421208427,-0.5207147921354218
48397,TEXAS,ROCKWALL,0,0.304540646861257,1,0,3.7530348567298017,-1.5134716532255212
48399,TEXAS,RUNNELS,0,0.1251984577001587,0,2,-0.01984235732608045,1.3624148910970313
48401,TEXAS,RUSK,0,0.2165411423492538,0,2,-0.47724423704096186,-0.4200592004353619
48403,TEXAS,SABINE,0,0.1218357311965033,0,2,-1.686964120480832,0.6073877907565552
48405,TEXAS,SAN AUGUSTINE,0,0.2448775612193903,2,1,-3.247079304551076,-0.48323930690310457
48407,TEXAS,SAN JACINTO,0,0.1848892405063291,0,2,-0.9582167941384899,0.39939401533245156
48409,TEXAS,SAN PATRICIO,0,0.3471476574871577,0,2,-0.035470219878013035,0.41635005553618254
48411,TEXAS,SAN SABA,0,0.1102997694081475,0,2,-0.08607837193930845,1.4709776094312392
48413,TEXAS,SCHLEICHER,0,0.182053494391717,2,1,-2.9949446665403605,-0.33144403632436
48415,TEXAS,SCURRY,0,0.1393526405451448,0,2,0.02920874719754623,0.9172907988954471
48417,TEXAS,SHACKELFORD,0,0.0798525798525798,0,0,-0.012024508550411685,0.9799776903974146
48419,TEXAS,SHELBY,0,0.2050163576881134,2,2,-2.0360433634652413,0.010428778456994553
48421,TEXAS,SHERMAN,0,0.0917338709677419,0,2,0.45706891098636004,1.4547237068419634
48423,TEXAS,SMITH,0,0.2958866608718241,1,1,0.25727061225773173,-1.2769369750636108
48425,TEXAS,SOMERVELL,0,0.1552456033959975,0,0,0.5792966052551421,0.6172404239071468
48427,TEXAS,STARR,1,0.5205706134094151,2,2,-3.9272745184447344,-0.12113113658335119
48429,TEXAS,STEPHENS,0,0.1044736842105263,0,2,-1.4419131075217282,0.8420846759819146
48431,TEXAS,STERLING,0,0.0798122065727699,0,2,0.9141915788070404,2.2551255877374876
48433,TEXAS,STONEWALL,0,0.1576086956521739,0,2,0.07891112788718062,2.1041641081633795
48435,TEXAS,SUTTON,0,0.2068079640333975,0,2,-0.7417006656944953,0.253015747872977
48437,TEXAS,SWISHER,0,0.2029723991507431,2,2,-2.1779874968838433,0.8327466459272149
48439,TEXAS,TARRANT,1,0.4930735344681962,1,0,1.4952465799944032,-3.0824094237946658
48441,TEXAS,TAYLOR,0,0.2645869230071642,0,2,0.6410842316029918,-0.5946166459367523
48443,TEXAS,TERRELL,0,0.259825327510917,0,2,0.9508681984701266,2.1564401111149167
48445,TEXAS,TERRY,0,0.209579180509413,0,2,-1.6569583267085057,1.012146006632938
48447,TEXAS,THROCKMORTON,0,0.0917225950782997,0,2,-1.1807586864694346,1.7654990114061337
48449,TEXAS,TITUS,0,0.2709420358599753,0,2,-0.7011045002261155,-0.10735765763304218
48451,TEXAS,TOM GREEN,0,0.2707144437071444,0,2,0.7626991356364662,-0.19133417515725276
48453,TEXAS,TRAVIS,1,0.7161976748962741,1,0,3.1282530311546854,-3.38968847905075
48455,TEXAS,TRINITY,0,0.1906889593542807,0,2,-1.387875336534288,0.6552631480174061
48457,TEXAS,TYLER,0,0.1452380952380952,2,2,-2.1815309946626926,-0.3823103541646074
48459,TEXAS,UPSHUR,0,0.152286682193521,0,2,-0.353751647462794,0.21854444387923724
48461,TEXAS,UPTON,0,0.1242690058479532,0,2,-0.5369854792365506,0.13899547525255243
48463,TEXAS,UVALDE,0,0.3937548337200309,0,2,-0.7788460860136512,0.7456585100557137
48465,TEXAS,VAL VERDE,0,0.4431282722513089,0,2,-0.36471945109578613,0.5847144840703626
48467,TEXAS,VAN ZANDT,0,0.1350801029620807,0,2,0.37408082269341725,0.7427536935737464
48469,TEXAS,VICTORIA,0,0.3036153036153036,0,2,0.006975753075641136,-0.17375431014982792
48471,TEXAS,WALKER,0,0.333898017956971,0,2,-0.9239108426408147,-0.526669621246005
48473,TEXAS,WALLER,0,0.3602973519838128,2,1,-0.6265124988438325,-1.4071193469977745
48475,TEXAS,WARD,0,0.1881773399014778,0,2,-0.1967511675877287,0.8561831029508443
48477,TEXAS,WASHINGTON,0,0.2445056521489642,0,2,0.5460477623740334,-0.5668250144330961
48479,TEXAS,WEBB,1,0.6114303258914865,0,2,-1.0119854658943923,-0.26856535589163955
48481,TEXAS,WHARTON,0,0.2800548893264125,0,2,-0.6360760186444356,-0.10313982913451089
48483,TEXAS,WHEELER,0,0.0718870346598202,0,2,-0.6836445293136482,1.4312342600963484
48485,TEXAS,WICHITA,0,0.2858601216333623,0,2,-0.038089031102348805,-0.5679674706177043
48487,TEXAS,WILBARGER,0,0.2113174182139699,0,2,-1.5017125343455084,0.13571413498975202
48489,TEXAS,WILLACY,1,0.5601009190845198,2,2,-2.638270614064667,0.6140448190484277
48491,TEXAS,WILLIAMSON,1,0.4966068622541486,1,0,3.390946585656229,-2.748113522370967
48493,TEXAS,WILSON,0,0.2538679886459041,0,2,1.591833772686898,0.2283123915929706
48495,TEXAS,WINKLER,0,0.1683913452492944,0,2,0.031565852711400215,1.2966107203878268
48497,TEXAS,WISE,0,0.1536536381894021,0,2,1.0104028058180503,0.5024159356167772
48499,TEXAS,WOOD,0,0.1540453926862461,0,2,0.26634460293136264,0.36792298268474577
48501,TEXAS,YOAKUM,0,0.1596351197263397,0,2,0.14317410486992638,1.0555307060545933
48503,TEXAS,YOUNG,0,0.1255006675567423,0,2,0.4612059496717798,1.1194981574419085
48505,TEXAS,ZAPATA,0,0.4713474445018069,2,2,-3.0927875479616547,0.509390371209177
48507,TEXAS,ZAVALA,1,0.6540306005937429,2,2,-2.552840703163545,1.028640240279169
49001,UTAH,BEAVER,0,0.1151612903225806,0,2,1.4810377444202631,1.364039637560857
49003,UTAH,BOX ELDER,0,0.1655256633238352,0,2,1.3691636883880247,0.7060029350870004
49005,UTAH,CACHE,0,0.2853079269337537,0,2,1.2599015968202836,-0.06908655871610898
49007,UTAH,CARBON,0,0.255310065108336,0,2,-0.6336224558826807,0.8903036922533987
49009,UTAH,DAGGETT,0,0.1793214862681744,0,2,1.6291970670364186,2.6837597786926133
49011,UTAH,DAVIS,0,0.3380816658226059,1,0,3.1766973646649928,-0.6973254840494605
49013,UTAH,DUCHESNE,0,0.0984698049293306,0,2,-0.3629711266781816,0.7409278634947406
49015,UTAH,EMERY,0,0.1167823601469987,0,2,0.3926898294574786,1.4605308698772625
49017,UTAH,GARFIELD,0,0.1881405563689604,0,2,-0.03013954525452048,1.5622210000648638
49019,UTAH,GRAND,1,0.5411764705882353,0,0,1.111057668261365,0.7541385893166304
49021,UTAH,IRON,0,0.1948693435309114,0,2,0.157132353577304,0.39770299190942626
49023,UTAH,JUAB,0,0.1099744245524296,0,2,0.7134761393194557,1.2813433678514439
49025,UTAH,KANE,0,0.2590909090909091,0,0,0.7582294260242042,0.9786461134296961
49027,UTAH,MILLARD,0,0.1008077544426494,0,2,0.6847149755203743,0.8309131075423701
49029,UTAH,MORGAN,0,0.1643960036330608,1,0,3.539099294158246,0.760495302159208
49031,UTAH,PIUTE,0,0.0987370838117106,0,2,-0.9923231812865738,2.2314598578269615
49033,UTAH,RICH,0,0.1314828341855368,0,2,0.6961425501947447,1.7990688124769871
49035,UTAH,SALT LAKE,1,0.5303989710582695,1,0,2.589653472537185,-1.854284681916663
49037,UTAH,SAN JUAN,0,0.4526683146720954,2,1,-2.5418799339888296,-1.0197538009637634
49039,UTAH,SANPETE,0,0.1420990099009901,0,2,0.23944092042924486,0.7038577736553396
49041,UTAH,SEVIER,0,0.1046130090716078,0,2,-0.08721591579114443,0.8343287028807004
49043,UTAH,SUMMIT,1,0.5843747604078816,1,0,4.648426064339107,-0.807698132252832
49045,UTAH,TOOELE,0,0.2838506951056941,0,2,1.586260094015111,0.18934912511714228
49047,UTAH,UINTAH,0,0.1086715023198065,0,2,-0.16050793947311442,0.4466036260998207
49049,UTAH,UTAH,0,0.2674524950226181,1,0,2.252136507253688,-0.7451317320218639
49051,UTAH,WASATCH,0,0.3477796514896009,1,0,3.212037812847344,0.15884081905003158
49053,UTAH,WASHINGTON,0,0.2254309871527396,0,0,1.5016235434968757,0.024448443768101236
49055,UTAH,WAYNE,0,0.2251696483652066,0,2,0.6991713747034678,2.0832419700491065
49057,UTAH,WEBER,0,0.365295369065465,1,0,1.7707675767722946,-0.18069304810269837
50001,VERMONT,ADDISON,1,0.6673300605899783,1,0,2.505151143498232,-0.0907946650629864
50003,VERMONT,BENNINGTON,1,0.6125949268998295,0,0,1.5423398237976307,0.28929370979045477
50005,VERMONT,CALEDONIA,1,0.5626731758807231,0,0,1.1060536707125639,0.7826625980500037
50007,VERMONT,CHITTENDEN,1,0.7538421786987752,1,0,3.0270538324470078,-1.36182549441556
50009,VERMONT,ESSEX,0,0.4460703327826292,0,2,-0.2250652449059334,1.4446656593249194
50011,VERMONT,FRANKLIN,1,0.522092666462105,0,0,1.3699064269538028,0.44500131024932266
50013,VERMONT,GRAND ISLE,1,0.5786924939467313,1,0,2.687528332669962,0.27115005779471446
50015,VERMONT,LAMOILLE,1,0.6870973914152688,0,0,1.7355700890554098,0.3418075195938641
50017,VERMONT,ORANGE,1,0.5613740252756118,0,0,1.6208392523938921,0.6115475211582737
50019,VERMONT,ORLEANS,1,0.5023313042352027,0,2,0.7140741746824537,0.9227793357325369
50021,VERMONT,RUTLAND,1,0.5391119291383872,0,0,1.5072165960362667,0.3964842259929381
50023,VERMONT,WASHINGTON,1,0.7105732484076434,1,0,2.3299956342120405,-0.023282649354548792
50025,VERMONT,WINDHAM,1,0.7049416561225924,0,0,1.4106500080868554,0.0367917951961379
50027,VERMONT,WINDSOR,1,0.6824666740112372,1,0,2.0391327115522566,0.09677437626451418
51001,VIRGINIA,ACCOMACK,0,0.4467633533781394,2,1,-1.3087364558400185,-0.726931147412127
51003,VIRGINIA,ALBEMARLE,1,0.6567889014337195,1,0,3.730799758379914,-2.195102279288277
51005,VIRGINIA,ALLEGHANY,0,0.2734365476045349,0,2,-0.46854463380105893,1.1616083662749264
51007,VIRGINIA,AMELIA,0,0.3054218393716746,0,2,-0.07689484789489717,0.002006421254616026
51009,VIRGINIA,AMHERST,0,0.3335489561893561,0,2,0.05173596278327524,-0.27216693141074805
51011,VIRGINIA,APPOMATTOX,0,0.2608977125593439,0,2,-0.05819702199219357,0.22901212172529004
51013,VIRGINIA,ARLINGTON,1,0.8057580370050252,1,0,6.409481546002695,-4.660160812894798
51015,VIRGINIA,AUGUSTA,0,0.2563981266852737,0,0,1.4659078045495688,0.422978111919534
51017,VIRGINIA,BATH,0,0.258296681327469,0,2,-0.6822995001721012,1.0486988079660797
51019,VIRGINIA,BEDFORD,0,0.250179785900676,1,0,1.811533570087501,-0.18817632578057653
51021,VIRGINIA,BLAND,0,0.1529175050301811,0,2,0.041558313981983314,1.5926782584265387
51023,VIRGINIA,BOTETOURT,0,0.2698480329498651,0,2,2.0916837031211157,0.5467073682344898
51025,VIRGINIA,BRUNSWICK,1,0.5727226975339708,2,1,-2.790575333218059,-2.06287371746263
51027,VIRGINIA,BUCHANAN,0,0.1593853570352515,0,2,-1.858209894451956,1.116420241230636
51029,VIRGINIA,BUCKINGHAM,0,0.4269897896420224,2,1,-1.6641222367416628,-0.6485658836246804
51031,VIRGINIA,CAMPBELL,0,0.2698906391090599,0,2,0.4008701372521674,-0.12707198102992215
51033,VIRGINIA,CAROLINE,0,0.4701006876227898,0,1,0.5499572445606314,-0.6905333319313243
51035,VIRGINIA,CARROLL,0,0.1815162547103532,0,2,-0.34568024110084294,1.2797749736395816
51036,VIRGINIA,CHARLES CITY,1,0.5908579148840352,2,1,-1.1502252132052522,-1.3728078909038945
51037,VIRGINIA,CHARLOTTE,0,0.3742529478274915,2,1,-2.419409681025657,-0.2146775769887685
51041,VIRGINIA,CHESTERFIELD,1,0.5243068323894977,1,0,2.260312791134897,-2.671390531544709
51043,VIRGINIA,CLARKE,0,0.419835064795973,1,0,2.712895805397933,0.03750047249641079
51045,VIRGINIA,CRAIG,0,0.185173501577287,0,2,0.919411751390872,1.79269109023377
51047,VIRGINIA,CULPEPER,0,0.3915400501548901,1,2,1.5015178011488695,-0.7731070500731282
51049,VIRGINIA,CUMBERLAND,0,0.4191605495953322,0,1,-0.6125590853919197,-0.3004709123846125
51051,VIRGINIA,DICKENSON,0,0.205693170931983,0,2,-1.67130832944506,1.6642486170747246
51053,VIRGINIA,DINWIDDIE,0,0.4124039226080042,2,1,-0.5170365807805051,-1.1527932215780161
51057,VIRGINIA,ESSEX,0,0.4917449012625445,2,2,-2.061016915667965,-1.262508873602344
51059,VIRGINIA,FAIRFAX,1,0.6984580277857705,1,0,6.4274364723293935,-6.5311805636387845
51061,VIRGINIA,FAUQUIER,0,0.4022119942295802,1,0,3.509494879325028,-0.915273592636123
51063,VIRGINIA,FLOYD,0,0.3191670208244794,0,2,0.7190589763578062,1.249387654011756
51065,VIRGINIA,FLUVANNA,0,0.4678783289158147,1,0,2.415900481370308,-0.5602980887546688
51067,VIRGINIA,FRANKLIN,0,0.2821505521141934,0,2,0.4182060614624647,0.1893486499253444
51069,VIRGINIA,FREDERICK,0,0.3531959440042694,1,0,2.3247409837956248,-0.12928880744730434
51071,VIRGINIA,GILES,0,0.2349095663543255,0,2,0.7148260393727669,1.1371172043769797
51073,VIRGINIA,GLOUCESTER,0,0.3125112188117034,0,2,1.4462732074453373,0.10187510972983195
51075,VIRGINIA,GOOCHLAND,0,0.3943487494100991,1,0,3.2576878328136636,-1.1963798237429923
51077,VIRGINIA,GRAYSON,0,0.1887836674455786,0,2,-0.5001736996992986,1.0412814846442058
51079,VIRGINIA,GREENE,0,0.3679837355255016,0,0,1.2325675612368423,-0.15475622722792093
51081,VIRGINIA,GREENSVILLE,1,0.5743331875819851,2,1,-2.2403740601280027,-1.8514585228459952
51083,VIRGINIA,HALIFAX,0,0.4201008329679965,2,1,-1.3994297973122583,-0.8543488620150714
51085,VIRGINIA,HANOVER,0,0.3564968727108807,1,0,3.2069837805421786,-0.9985459264830521
51087,VIRGINIA,HENRICO,1,0.6359663718841893,1,0,2.1385107425919863,-3.9715364788543472
51089,VIRGINIA,HENRY,0,0.3496265083317372,2,1,-1.5265344651021568,-0.4522615310167082
51091,VIRGINIA,HIGHLAND,0,0.2720156555772994,0,0,0.09455973138352049,0.2735821021295497
51093,VIRGINIA,ISLE OF WIGHT,0,0.4007077080491132,1,0,0.844034523601536,-1.1997411295751117
51095,VIRGINIA,JAMES CITY,1,0.5147766876850863,1,0,3.390410080800651,-1.8827072996946503
51097,VIRGINIA,KING AND QUEEN,0,0.3863912515188335,0,1,-0.021680016314590805,-0.5043617625124361
51099,VIRGINIA,KING GEORGE,0,0.3798411471146412,1,0,2.4887334390756934,-0.9205873415276766
51101,VIRGINIA,KING WILLIAM,0,0.3036229859364813,0,2,1.140125269413807,-0.19353757061822535
51103,VIRGINIA,LANCASTER,0,0.470917225950783,2,1,-0.6228433652886033,-1.6478871415108376
51105,VIRGINIA,LEE,0,0.1496933748869005,2,2,-2.581184633063226,0.7249282541431961
51107,VIRGINIA,LOUDOUN,1,0.6150522722423725,1,0,7.095840898847286,-6.0326202163941725
51109,VIRGINIA,LOUISA,0,0.3773042526008395,0,2,0.5895322202258784,-0.3901666554849817
51111,VIRGINIA,LUNENBURG,0,0.4028657114295235,2,1,-1.5028044856252856,-0.3912185164405309
51113,VIRGINIA,MADISON,0,0.3317349071683266,0,0,0.8792895021022329,0.40056225464410605
51115,VIRGINIA,MATHEWS,0,0.313089723794819,0,0,1.5267721744457423,0.3169698569185868
51117,VIRGINIA,MECKLENBURG,0,0.4197568951687542,2,1,-0.878028563078842,-1.1124149371920686
51119,VIRGINIA,MIDDLESEX,0,0.3671333824613117,0,2,0.3986160282996372,-0.03799351597559053
51121,VIRGINIA,MONTGOMERY,1,0.5155316739569688,1,0,1.1677880083565704,-1.3808743911316126
51125,VIRGINIA,NELSON,0,0.4643700364885168,0,0,0.9899106198742481,0.17863067756602885
51127,VIRGINIA,NEW KENT,0,0.3193283117960058,1,0,2.7941973090753622,-0.6004573902054617
51131,VIRGINIA,NORTHAMPTON,1,0.5447118241235889,2,1,-0.932986552661571,-1.043012163275048
51133,VIRGINIA,NORTHUMBERLAND,0,0.4161228406909789,0,1,-0.07219276338322153,-0.9565078613659524
51135,VIRGINIA,NOTTOWAY,0,0.4197513421870585,2,1,-1.613035708091133,-0.9884539648133931
51137,VIRGINIA,ORANGE,0,0.385226944203527,0,0,0.955323053865689,-0.6133097116511395
51139,VIRGINIA,PAGE,0,0.2402908742208726,0,2,-0.08463565611132033,1.0587428785650843
51141,VIRGINIA,PATRICK,0,0.204929208180388,0,2,-0.10771559385019677,1.143445968533158
51143,VIRGINIA,PITTSYLVANIA,0,0.295526923189295,0,2,-0.8556139349814833,-0.36416548012249317
51145,VIRGINIA,POWHATAN,0,0.2695991486342675,1,0,2.9934091921167707,-0.0035553292252582277
51147,VIRGINIA,PRINCE EDWARD,1,0.5193733681462142,2,1,-1.6764989149665186,-0.9771603718496689
51149,VIRGINIA,PRINCE GEORGE,0,0.4073054647628877,1,1,0.407331762139546,-1.725037753066882
51153,VIRGINIA,PRINCE WILLIAM,1,0.6258591912102932,1,0,3.4203640928569983,-4.285067499494103
51155,VIRGINIA,PULASKI,0,0.2832738985390544,0,2,0.2588365256595349,0.5836238190506028
51157,VIRGINIA,RAPPAHANNOCK,0,0.420968065876682,0,0,2.0845277222271226,0.3427612912890037
51159,VIRGINIA,RICHMOND,0,0.3688444661140906,0,1,-0.6418291996233049,-0.18447023569933596
51161,VIRGINIA,ROANOKE,0,0.3809631985461154,1,0,2.467001663076356,-0.7452887710482097
51163,VIRGINIA,ROCKBRIDGE,0,0.3301284640866123,0,2,0.7241147402321346,0.5042704282729269
51165,VIRGINIA,ROCKINGHAM,0,0.288537459209055,0,0,1.6668187559273633,0.34708090806085135
51167,VIRGINIA,RUSSELL,0,0.1772747646795159,0,2,-1.2679541082932289,1.2881924672075444
51169,VIRGINIA,SCOTT,0,0.1556720949489373,0,2,-0.22616810734602394,1.5196664560906115
51171,VIRGINIA,SHENANDOAH,0,0.2886336767437932,0,2,0.6117235075068196,0.6729251548824111
51173,VIRGINIA,SMYTH,0,0.2127900396151669,0,2,-0.8329196875171887,0.9946121751412245
51175,VIRGINIA,SOUTHAMPTON,0,0.4055793991416309,0,1,-0.14836469946958578,-0.8710105420364915
51177,VIRGINIA,SPOTSYLVANIA,0,0.4555014140233944,1,0,1.9447572055946318,-1.896903029513548
51179,VIRGINIA,STAFFORD,1,0.5054063218174283,1,0,3.3831487229369213,-2.5432197854266545
51181,VIRGINIA,SURRY,1,0.5361216730038023,2,1,-1.520070213840794,-1.1207817243294285
51183,VIRGINIA,SUSSEX,1,0.55562106918239,2,1,-2.1378682677702763,-1.9716071291934643
51185,VIRGINIA,TAZEWELL,0,0.1590412862246923,0,2,-0.8608410300304734,0.6610096707334505
51187,VIRGINIA,WARREN,0,0.3122428713292665,0,2,0.8397938650630169,0.09621919609134515
51191,VIRGINIA,WASHINGTON,0,0.2306137385425016,0,2,0.608973354387346,0.6531618160041954
51193,VIRGINIA,WESTMORELAND,0,0.4524527543224769,2,1,-2.020879619585934,-1.3070597889778335
51195,VIRGINIA,WISE,0,0.1871802588022871,0,2,-1.5751478363256717,0.33708009242362535
51197,VIRGINIA,WYTHE,0,0.2085185430902939,0,2,0.30443057030706855,0.8768228363380309
51199,VIRGINIA,YORK,0,0.4558531618158851,1,0,3.4145450548426717,-2.374712604325023
51510,VIRGINIA,ALEXANDRIA CITY,1,0.8027047660595484,1,0,4.265814702983814,-4.145058017787434
51520,VIRGINIA,BRISTOL CITY,0,0.2960071666240081,0,2,-1.3337819342095387,0.5472457791354816
51530,VIRGINIA,BUENA VISTA CITY,0,0.2971902017291066,0,2,-0.573483548561627,1.6175448723212174
51540,VIRGINIA,CHARLOTTESVILLE CITY,1,0.8547474497170942,1,0,1.0289207551907154,-2.5547601081008096
51550,VIRGINIA,CHESAPEAKE CITY,1,0.5216431164830329,1,0,1.5435239092177968,-2.759273965245845
51570,VIRGINIA,COLONIAL HEIGHTS CITY,0,0.3244541484716157,0,2,0.43717619471662517,-0.8706708691309638
51580,VIRGINIA,COVINGTON CITY,0,0.3703419131771033,0,2,-0.5028753709163554,1.099188136581929
51590,VIRGINIA,DANVILLE CITY,1,0.6018708881578947,2,1,-3.114142625531964,-2.3253610085286924
51595,VIRGINIA,EMPORIA CITY,1,0.6761744966442953,2,1,-5.7515674287349245,-2.8859759523573607
51600,VIRGINIA,FAIRFAX CITY,1,0.6802105731445095,1,0,5.088993051067787,-4.609797940295081
51610,VIRGINIA,FALLS CHURCH CITY,1,0.8102959519219867,1,0,7.077571941619439,-3.699683526645146
51620,VIRGINIA,FRANKLIN CITY,1,0.6213090551181102,2,1,-2.996206444460628,-2.7648010205576563
51630,VIRGINIA,FREDERICKSBURG CITY,1,0.6614118195231808,1,2,0.7687817616360657,-1.9385474075515963
51640,VIRGINIA,GALAX CITY,0,0.2944297082228116,2,2,-2.328909440371224,0.6316405358739363
51650,VIRGINIA,HAMPTON CITY,1,0.7007595857907425,2,1,-1.195184557151755,-3.2172431746874666
51660,VIRGINIA,HARRISONBURG CITY,1,0.644825367109343,0,2,-0.45341134178027354,-0.7203631129181075
51670,VIRGINIA,HOPEWELL CITY,1,0.5639800581636892,2,1,-3.3689383843691587,-1.871798546734738
51678,VIRGINIA,LEXINGTON CITY,1,0.6479739507959479,0,0,0.7494032950800291,-0.052205056131224885
51680,VIRGINIA,LYNCHBURG CITY,1,0.4963150368496315,2,1,-0.6320704947453062,-1.7900530800563508
51683,VIRGINIA,MANASSAS CITY,1,0.6099658381434798,1,0,1.9876674917799775,-1.9042190335269484
51685,VIRGINIA,MANASSAS PARK CITY,1,0.6557161629434954,1,2,2.1661524758553634,-2.368133256991167
51690,VIRGINIA,MARTINSVILLE CITY,1,0.6251660026560425,2,1,-2.889985976323246,-1.585697879445675
51700,VIRGINIA,NEWPORT NEWS CITY,1,0.6533653254583487,2,1,-0.729120319563837,-2.9073805376495514
51710,VIRGINIA,NORFOLK CITY,1,0.7160954793972529,2,1,-0.9782010212659701,-3.221911131964156
51720,VIRGINIA,NORTON CITY,0,0.2898188632104934,2,2,-2.818860983975531,1.019350605545541
51730,VIRGINIA,PETERSBURG CITY,1,0.8766008632279063,2,1,-4.653016865385574,-4.459982947673619
51735,VIRGINIA,POQUOSON CITY,0,0.2614229349624539,1,0,3.9364000102854506,-0.07217136877168512
51740,VIRGINIA,PORTSMOUTH CITY,1,0.6938857873141858,2,1,-1.774196708183005,-2.906957702259538
51750,VIRGINIA,RADFORD CITY,1,0.5313291139240506,2,2,-2.225395897557533,-0.09532855569303735
51760,VIRGINIA,RICHMOND CITY,1,0.8290535253325658,2,1,-1.0165880617841867,-3.6040641934808604
51770,VIRGINIA,ROANOKE CITY,1,0.6179858273896083,2,1,-1.3311621416978885,-2.0610898757137983
51775,VIRGINIA,SALEM CITY,0,0.3944525323729982,0,0,1.26870472147368,-0.007466991608967053
51790,VIRGINIA,STAUNTON CITY,1,0.5373306650246306,0,2,0.688263954578797,-0.03611128843275726
51800,VIRGINIA,SUFFOLK CITY,1,0.5776560170823093,1,1,0.396076755377294,-2.8610955967308427
51810,VIRGINIA,VIRGINIA BEACH CITY,1,0.5155214586526259,1,0,2.4236391597606035,-2.999578459250509
51820,VIRGINIA,WAYNESBORO CITY,0,0.4629093962862741,0,2,-0.1744591582278623,-0.1064546831392192
51830,VIRGINIA,WILLIAMSBURG CITY,1,0.6952104499274311,1,2,1.0946336658057572,-1.5193606975556093
51840,VIRGINIA,WINCHESTER CITY,1,0.5456947081647816,0,2,0.5381663120807724,-0.6750102420373396
53001,WASHINGTON,ADAMS,0,0.3094506994199932,2,2,-1.812377115965015,-0.1314888051321839
53003,WASHINGTON,ASOTIN,0,0.3556187766714082,0,2,0.32198264030899143,0.5983568761585324
53005,WASHINGTON,BENTON,0,0.3756660487416653,1,0,1.6380805325702774,-1.0343372572739615
53007,WASHINGTON,CHELAN,0,0.4467972105481919,0,2,1.0111069870548466,-0.11968211668326262
53009,WASHINGTON,CLALLAM,1,0.5018065930496914,0,2,0.6314173691234555,-0.33712596310648824
53011,WASHINGTON,CLARK,1,0.5095224089788419,1,0,2.2807460718978136,-1.589420318605795
53013,WASHINGTON,COLUMBIA,0,0.2677354709418837,0,2,1.5044707388084964,1.1864301871989578
53015,WASHINGTON,COWLITZ,0,0.3971134704711347,0,2,0.18825165907832092,0.02478544703935272
53017,WASHINGTON,DOUGLAS,0,0.3665759339215318,0,2,0.562835239917742,-0.12367059285367253
53019,WASHINGTON,FERRY,0,0.3402793679871765,0,2,-1.0506250796865968,0.518728686220519
53021,WASHINGTON,FRANKLIN,0,0.4116775706702876,0,2,0.1172863460222315,-0.8549089687827617
53023,WASHINGTON,GARFIELD,0,0.2458025520483546,0,2,0.7924410671423394,0.6406925923566219
53025,WASHINGTON,GRANT,0,0.3136677282377919,0,2,-0.24237107658610238,-0.5148863023252193
53027,WASHINGTON,GRAYS HARBOR,0,0.4514450716682708,0,2,-0.18175582252157393,0.1739403126510288
53029,WASHINGTON,ISLAND,1,0.541733889661567,1,0,2.2261381024623375,-1.0658728509541808
53031,WASHINGTON,JEFFERSON,1,0.6939335269441755,1,0,1.4425058924354364,-0.6277766117690599
53033,WASHINGTON,KING,1,0.7495289163961877,1,0,5.07281757826244,-5.813549436055467
53035,WASHINGTON,KITSAP,1,0.5689535645860644,1,0,2.6314513767307255,-1.553011960438413
53037,WASHINGTON,KITTITAS,0,0.4332043695949021,0,2,0.4885603797832151,-0.18455540516762362
53039,WASHINGTON,KLICKITAT,0,0.4394542772861357,0,2,0.45251143524687243,0.27958457199573933
53041,WASHINGTON,LEWIS,0,0.3204661325564457,0,2,0.12428807937618402,0.10501485159757824
53043,WASHINGTON,LINCOLN,0,0.2435660457841603,0,2,0.8827852180770737,1.0284571226740729
53045,WASHINGTON,MASON,0,0.462938637643085,0,2,0.2348178995388823,-0.03140697664474729
53047,WASHINGTON,OKANOGAN,0,0.4181937787801898,0,2,-0.8533545725215165,-0.048328348082504385
53049,WASHINGTON,PACIFIC,0,0.4830773606370876,0,2,0.07692666646511583,0.3489925929585209
53051,WASHINGTON,PEND OREILLE,0,0.3031684788962937,0,2,0.31682499670012304,0.6772698982163702
53053,WASHINGTON,PIERCE,1,0.537634593960968,1,0,2.0336518279116422,-2.3873104456057863
53055,WASHINGTON,SAN JUAN,1,0.7369099037660074,1,0,2.955932731439263,-0.2229163502345302
53057,WASHINGTON,SKAGIT,1,0.5209811639404546,1,0,1.428134196592254,-0.6125200710823908
53059,WASHINGTON,SKAMANIA,0,0.4365426695842451,0,0,1.1332384689398376,0.4670381409307676
53061,WASHINGTON,SNOHOMISH,1,0.5850737016745823,1,0,3.4803228601727976,-3.208723691154229
53063,WASHINGTON,SPOKANE,0,0.4595504857326609,1,0,1.276604851243176,-0.9663989409941082
53065,WASHINGTON,STEVENS,0,0.2757298628209638,0,2,0.2798719761247599,0.4575947186383872
53067,WASHINGTON,THURSTON,1,0.5745893156648864,1,0,2.2332679548031464,-1.9569958545892445
53069,WASHINGTON,WAHKIAKUM,0,0.3908084535390808,0,2,0.40573933026286113,0.9906252708668175
53071,WASHINGTON,WALLA WALLA,0,0.4379258501007645,0,2,0.9012127951204301,-0.29067662119293275
53073,WASHINGTON,WHATCOM,1,0.6035204155244553,1,0,1.4951622269250027,-1.2637673835781
53075,WASHINGTON,WHITMAN,1,0.529395058222096,1,0,-0.22289667845015404,-1.6867736889474243
53077,WASHINGTON,YAKIMA,0,0.4488788165459025,0,2,-0.42957237519856034,-0.6284487037603246
54001,WEST VIRGINIA,BARBOUR,0,0.2182117717537816,0,2,-1.6473913474568995,1.0047164830620203
54003,WEST VIRGINIA,BERKELEY,0,0.3334820995439992,0,2,0.7435762638070996,-0.4039765314580545
54005,WEST VIRGINIA,BOONE,0,0.2264758100310696,0,2,-1.8557099499198475,0.6717733855291455
54007,WEST VIRGINIA,BRAXTON,0,0.2572387005649718,0,2,-1.9072833491107395,0.5651737483976995
54009,WEST VIRGINIA,BROOKE,0,0.2765578078078078,0,2,0.36320398013480465,1.1275625134067906
54011,WEST VIRGINIA,CABELL,0,0.4013383297644539,0,2,-0.6116867417183393,-0.020316014433801405
54013,WEST VIRGINIA,CALHOUN,0,0.1911814203971726,0,2,-2.362062801145204,1.1953285044786046
54015,WEST VIRGINIA,CLAY,0,0.1904903417533432,2,2,-3.1838483642027526,1.0017039204474358
54017,WEST VIRGINIA,DODDRIDGE,0,0.1402773298935827,0,2,0.19640298547575874,1.4113952911732515
54019,WEST VIRGINIA,FAYETTE,0,0.300260941762543,0,2,-1.2887323408105378,0.5760953479842537
54021,WEST VIRGINIA,GILMER,0,0.2250187828700225,0,2,-1.3788871717044313,0.18926381166649658
54023,WEST VIRGINIA,GRANT,0,0.1101833363586857,0,2,-0.49968946269860065,1.4492554943992415
54025,WEST VIRGINIA,GREENBRIER,0,0.2936908517350157,0,2,-0.6493762046689018,0.6813586432426658
54027,WEST VIRGINIA,HAMPSHIRE,0,0.1922466785643466,0,2,-0.5778907197907596,1.0969017499739624
54029,WEST VIRGINIA,HANCOCK,0,0.2746376811594203,0,2,-0.5689139782265769,0.6581698035991442
54031,WEST VIRGINIA,HARDY,0,0.2181329963670826,0,2,-0.3048300333248793,0.8593411859366752
54033,WEST VIRGINIA,HARRISON,0,0.3024782537337929,0,2,0.2700720074885133,0.4201268002850872
54035,WEST VIRGINIA,JACKSON,0,0.2374148652650281,0,2,-0.060751086615614076,1.1927232997808705
54037,WEST VIRGINIA,JEFFERSON,0,0.4377504241417897,1,0,1.823770895327202,-0.6082825942841017
54039,WEST VIRGINIA,KANAWHA,0,0.4175866932542191,0,2,-0.005454282898148411,-0.417240654035668
54041,WEST VIRGINIA,LEWIS,0,0.2062491618613383,0,2,-0.8691420494564633,1.104135634558406
54043,WEST VIRGINIA,LINCOLN,0,0.2185185185185185,0,2,-1.4550408657221745,1.4003891227503102
54045,WEST VIRGINIA,LOGAN,0,0.1791033317979425,2,2,-2.9386085167248615,0.280719732992378
54047,WEST VIRGINIA,MCDOWELL,0,0.2042285889382564,2,2,-4.344949820872226,0.20520465243681604
54049,WEST VIRGINIA,MARION,0,0.3450802512212142,0,2,0.08652821648346774,0.37363152595434335
54051,WEST VIRGINIA,MARSHALL,0,0.2453835227272727,0,2,0.1123346624117625,1.1370462845289173
54053,WEST VIRGINIA,MASON,0,0.2254753191109524,0,2,0.44006438569335615,1.1811302796166436
54055,WEST VIRGINIA,MERCER,0,0.2210551444258773,0,2,-0.8295162457820989,0.3359717143892953
54057,WEST VIRGINIA,MINERAL,0,0.2066500932256059,0,2,-0.28425641533449664,0.6993024553367359
54059,WEST VIRGINIA,MINGO,0,0.1393933346637397,2,2,-3.2494358949893827,0.40352810873158174
54061,WEST VIRGINIA,MONONGALIA,0,0.4820783418900932,1,0,0.5895770110428961,-1.0321634072867065
54063,WEST VIRGINIA,MONROE,0,0.2072419106317411,0,2,-1.0682266373731117,0.9698018109585961
54065,WEST VIRGINIA,MORGAN,0,0.2297872340425532,0,2,0.7176730257062653,1.0803202032713495
54067,WEST VIRGINIA,NICHOLAS,0,0.2094073377234242,0,2,-1.1800691893015245,0.8057078948486319
54069,WEST VIRGINIA,OHIO,0,0.3630013066639863,0,2,0.3543787177164462,0.26167058202121296
54071,WEST VIRGINIA,PENDLETON,0,0.2241049467067505,0,2,-0.1851332187564632,1.5373767317320528
54073,WEST VIRGINIA,PLEASANTS,0,0.2002291606989401,0,2,-0.1972172229025815,1.4766079895820576
54075,WEST VIRGINIA,POCAHONTAS,0,0.2612275449101796,0,2,-1.296955972415931,1.5240381404613732
54077,WEST VIRGINIA,PRESTON,0,0.2170601152895964,0,2,-0.6732230631197339,0.35876391721422773
54079,WEST VIRGINIA,PUTNAM,0,0.2764113539875794,0,0,1.382712694642188,0.5129693694761495
54081,WEST VIRGINIA,RALEIGH,0,0.2411043315411103,0,2,-1.0124359787748471,-0.018213463068990108
54083,WEST VIRGINIA,RANDOLPH,0,0.2755737704918032,0,2,-0.6737187079801962,0.7940470953492998
54085,WEST VIRGINIA,RITCHIE,0,0.1368199859911277,0,2,-0.7221828282095405,1.5807857104862504
54087,WEST VIRGINIA,ROANE,0,0.2524726704841228,0,2,-2.055459626892659,0.9794232153248802
54089,WEST VIRGINIA,SUMMERS,0,0.2592658907788719,0,2,-1.7163372214836075,0.7803237243981862
54091,WEST VIRGINIA,TAYLOR,0,0.2432615467966951,0,2,-0.8566261762559644,0.5880210902816292
54093,WEST VIRGINIA,TUCKER,0,0.2440166493236212,0,2,0.2095744040614407,1.5177016002568526
54095,WEST VIRGINIA,TYLER,0,0.1608873023967363,0,2,-0.6371044232444393,1.2492010631575183
54097,WEST VIRGINIA,UPSHUR,0,0.2207220428529498,0,2,-0.9689113266933697,1.1005820428978155
54099,WEST VIRGINIA,WAYNE,0,0.2412226352746798,0,2,-0.5983007565703988,0.9911052065955549
54101,WEST VIRGINIA,WEBSTER,0,0.1793062904174015,2,2,-3.0130450001377937,1.1062757883269534
54103,WEST VIRGINIA,WETZEL,0,0.2308384580770961,0,2,-1.3867907392844043,1.1471277302327247
54105,WEST VIRGINIA,WIRT,0,0.1756502073124764,0,2,-1.2097343894100079,1.7949639613544177
54107,WEST VIRGINIA,WOOD,0,0.2818740003095815,0,2,0.14589676855542727,0.5477336084482259
54109,WEST VIRGINIA,WYOMING,0,0.1346601489757914,0,2,-2.0024692927522048,0.6408445351746336
55001,WISCONSIN,ADAMS,0,0.3663056354713149,0,2,-0.08278417417154696,0.9249564434162593
55003,WISCONSIN,ASHLAND,1,0.5482471165924403,0,2,-0.5339954664538225,0.7142726519232963
55005,WISCONSIN,BARRON,0,0.3627396827901838,0,2,0.7007719346199696,0.8990567327862012
55007,WISCONSIN,BAYFIELD,1,0.5649816176470588,0,0,1.0986844850532722,0.44962551975574117
55009,WISCONSIN,BROWN,0,0.4548837984404619,1,0,1.9006126679774942,-0.7198660741833545
55011,WISCONSIN,BUFFALO,0,0.3659160696008188,0,2,1.1093907012142314,1.5482922858499064
55013,WISCONSIN,BURNETT,0,0.3519376787299083,0,2,0.2203723894262865,0.8576648903533017
55015,WISCONSIN,CALUMET,0,0.3937089751088581,1,0,2.6209782943641073,0.19752031818718496
55017,WISCONSIN,CHIPPEWA,0,0.3890867605320274,0,2,1.3949406751672617,0.5920044311915095
55019,WISCONSIN,CLARK,0,0.3036649214659686,0,2,0.3508624981977276,1.3286328767055844
55021,WISCONSIN,COLUMBIA,0,0.4845138622339012,0,2,1.888029572977259,0.5442235098623901
55023,WISCONSIN,CRAWFORD,0,0.4546290971822886,0,2,0.4289728442126681,1.3029699769438345
55025,WISCONSIN,DANE,1,0.7546165648175271,1,0,3.295973196915096,-2.189923024157361
55027,WISCONSIN,DODGE,0,0.3376827153357007,0,2,1.1497331792960872,0.5030137736936858
55029,WISCONSIN,DOOR,1,0.4992792165829895,0,0,1.9478556740010178,0.5000752255459828
55031,WISCONSIN,DOUGLAS,1,0.5356404749361754,0,2,0.9914100594177581,0.4450325344572582
55033,WISCONSIN,DUNN,0,0.4207192654310491,0,0,1.375619664616243,0.2679152382004635
55035,WISCONSIN,EAU CLAIRE,1,0.5425997425997426,1,0,1.5457244158898875,-0.45012537837350114
55037,WISCONSIN,FLORENCE,0,0.2656462585034013,0,2,0.2967199900591761,1.5150196754351437
55039,WISCONSIN,FOND DU LAC,0,0.3596094391364343,0,0,1.5468741061498064,0.25750719958171975
55041,WISCONSIN,FOREST,0,0.3405897486641599,0,2,-0.6504546548497001,0.8639015948588061
55043,WISCONSIN,GRANT,0,0.4294751640112464,0,2,0.6232309630227506,0.8145108991916491
55045,WISCONSIN,GREEN,1,0.5069139493599926,0,2,1.489725907910789,0.8546787494245633
55047,WISCONSIN,GREEN LAKE,0,0.3133726923437354,0,2,0.877322286922187,1.2202978802684292
55049,WISCONSIN,IOWA,1,0.5594625500285878,0,2,1.8347173165714965,0.9520464311903101
55051,WISCONSIN,IRON,0,0.3822942643391521,0,2,-0.03837684789073978,1.3443875324287993
55053,WISCONSIN,JACKSON,0,0.417910447761194,0,2,0.09076684777659373,0.828342326259346
55055,WISCONSIN,JEFFERSON,0,0.4148481627378644,0,0,1.7464715271157878,0.37555671606111196
55057,WISCONSIN,JUNEAU,0,0.3461959296812313,0,2,0.10387543656216322,1.0409478291379985
55059,WISCONSIN,KENOSHA,0,0.4754783745407829,1,2,0.8801802055865202,-0.8431277020935736
55061,WISCONSIN,KEWAUNEE,0,0.3287308805291443,0,2,1.684455501342289,1.2251614315603059
55063,WISCONSIN,LA CROSSE,1,0.5575098697778563,1,0,1.7662644222591262,-0.5941683764222246
55065,WISCONSIN,LAFAYETTE,0,0.4263004091174752,0,2,1.0413591091992913,1.3882200167826093
55067,WISCONSIN,LANGLADE,0,0.3317510076130766,0,2,0.1022655607143125,1.1788128302942897
55069,WISCONSIN,LINCOLN,0,0.3795235497363157,0,2,0.939205485330045,1.077150804524518
55071,WISCONSIN,MANITOWOC,0,0.3751589372950545,0,2,1.5066560847955006,0.3442275441801127
55073,WISCONSIN,MARATHON,0,0.4014019361311253,1,0,1.989321913307144,-0.5398062393686806
55075,WISCONSIN,MARINETTE,0,0.320553548892467,0,2,0.4245647576597316,1.0305162332277706
55077,WISCONSIN,MARQUETTE,0,0.3573083287369001,0,2,0.36496473481561953,1.378008617608908
55078,WISCONSIN,MENOMINEE,1,0.819496855345912,2,1,-3.7999840763388915,-1.6148153803436553
55079,WISCONSIN,MILWAUKEE,1,0.6912637181869878,1,1,-0.174858821585798,-2.9996865751413337
55081,WISCONSIN,MONROE,0,0.3729600636858166,0,2,1.2117843921180387,0.7888764423056367
55083,WISCONSIN,OCONTO,0,0.2892526383803575,0,2,1.2534385909564005,1.09070738693619
55085,WISCONSIN,ONEIDA,0,0.418270623784097,0,2,1.6529870730855538,0.91171480993606
55087,WISCONSIN,OUTAGAMIE,0,0.4412712225287441,1,0,2.265347176438114,-0.5228890452616328
55089,WISCONSIN,OZAUKEE,0,0.4312689067429984,1,0,3.755312852797511,-0.7122540110100588
55091,WISCONSIN,PEPIN,0,0.3593146718146718,0,2,0.8975193514497742,1.6210690300012114
55093,WISCONSIN,PIERCE,0,0.4201226572886735,0,2,1.9948524100153913,0.4846729089976322
55095,WISCONSIN,POLK,0,0.3553145500739448,0,0,1.2157985734185879,0.7748745703530127
55097,WISCONSIN,PORTAGE,1,0.5031155333349753,0,0,1.7090155715118844,-0.058473902972147884
55099,WISCONSIN,PRICE,0,0.3547858647320384,0,2,0.48323941913433227,1.5322887356475856
55101,WISCONSIN,RACINE,0,0.4711933189918366,0,2,0.8460542583108498,-0.7448123764243919
55103,WISCONSIN,RICHLAND,0,0.4431994674950077,0,2,0.5767406188937839,1.307849876091525
55105,WISCONSIN,ROCK,1,0.5466026241799438,0,2,0.7686449385165096,-0.23283296416290306
55107,WISCONSIN,RUSK,0,0.3191732183616536,0,2,0.20954585818214477,1.4398803991706748
55109,WISCONSIN,ST. CROIX,0,0.4089442220537147,1,0,3.2037626758586866,0.015033615108871282
55111,WISCONSIN,SAUK,1,0.5001795431317847,0,2,1.5267832627616242,0.690012146282834
55113,WISCONSIN,SAWYER,0,0.4279733587059943,0,2,0.027128027314833107,0.3082261117802086
55115,WISCONSIN,SHAWANO,0,0.3153216891443732,0,2,0.6781669547679205,0.8576061654490565
55117,WISCONSIN,SHEBOYGAN,0,0.4105527866567693,1,0,2.001312716363227,-0.6268847301414389
55119,WISCONSIN,TAYLOR,0,0.2520119782893505,0,2,0.6023652619176477,1.430278351343195
55121,WISCONSIN,TREMPEALEAU,0,0.4086475942782835,0,2,1.20562563079189,1.1262417829827507
55123,WISCONSIN,VERNON,0,0.4683162720592853,0,2,0.6544624769065251,1.1253946106413468
55125,WISCONSIN,VILAS,0,0.3840848461188106,0,2,0.5952576625857504,0.41650183675368524
55127,WISCONSIN,WALWORTH,0,0.3956423611111111,0,0,1.6775740198818796,0.15957211333811822
55129,WISCONSIN,WASHBURN,0,0.3726151474272499,0,2,0.6106025581936261,1.1191200965055874
55131,WISCONSIN,WASHINGTON,0,0.3026002043828772,1,0,2.902846333072285,-0.18856390874359324
55133,WISCONSIN,WAUKESHA,0,0.3877147420110748,1,0,3.9462687529734337,-1.457769847589736
55135,WISCONSIN,WAUPACA,0,0.3330930312392722,0,2,1.3605158654176297,0.9212344235076214
55137,WISCONSIN,WAUSHARA,0,0.3234080188679245,0,2,0.4999394413870025,1.0161467505115613
55139,WISCONSIN,WINNEBAGO,0,0.4685638931427599,1,0,1.6245339950548903,-0.26408693308549863
55141,WISCONSIN,WOOD,0,0.3962661630103152,0,2,1.029705269354701,0.428275357576344
56001,WYOMING,ALBANY,1,0.4850618864703371,1,0,0.9743165389016828,-0.5401866725336456
56003,WYOMING,BIG HORN,0,0.136237897648686,0,2,-0.029909075698401042,0.9111300067877278
56005,WYOMING,CAMPBELL,0,0.098049151254117,0,2,1.3000171502052427,0.5115799598080926
56007,WYOMING,CARBON,0,0.2127945123769758,0,2,0.6504415310148892,0.8654681411297366
56009,WYOMING,CONVERSE,0,0.1228245363766048,0,2,1.1748557431744469,0.9938628828637797
56011,WYOMING,CROOK,0,0.0912382331643736,0,2,1.675864988232228,1.576641679729883
56013,WYOMING,FREMONT,0,0.3026763189645717,0,2,-0.2960181316300832,-0.23955666053468413
56015,WYOMING,GOSHEN,0,0.1918048469387755,0,2,0.8866918894304731,0.8856510534122305
56017,WYOMING,HOT SPRINGS,0,0.1862442040185471,0,2,0.4876955028344324,1.5970574250733447
56019,WYOMING,JOHNSON,0,0.1811389337641357,0,0,1.0725721151400474,0.8511028049395685
56021,WYOMING,LARAMIE,0,0.3363839335057585,1,0,1.6551468696702603,-0.21216456824915375
56023,WYOMING,LINCOLN,0,0.1433729216152019,0,2,1.6835049249549965,1.0796783425845955
56025,WYOMING,NATRONA,0,0.2410217286880845,0,0,1.1724566295723886,0.44846506244739487
56027,WYOMING,NIOBRARA,0,0.1172465960665658,0,2,-0.9356154050085411,1.7225076276025693
56029,WYOMING,PARK,0,0.2027951234017246,0,0,2.108511255845596,0.5819706404272534
56031,WYOMING,PLATTE,0,0.1793270199476123,0,2,0.9022655314082649,1.4501498656418432
56033,WYOMING,SHERIDAN,0,0.2443490873927233,0,0,1.5445458491145583,0.6484514277505662
56035,WYOMING,SUBLETTE,0,0.1764,0,2,1.619679360595771,0.7795320173916243
56037,WYOMING,SWEETWATER,0,0.2289495747993771,0,2,0.8733690955925557,0.2160473951990491
56039,WYOMING,TETON,1,0.6659903969703118,1,0,3.9934479006400396,-0.5732894581978987
56041,WYOMING,UINTA,0,0.1681995982662015,0,2,1.061910493273163,0.9089514030985955
56043,WYOMING,WASHAKIE,0,0.1614583333333333,0,2,0.568058394897016,1.0908755772764307
56045,WYOMING,WESTON,0,0.1011235955056179,0,2,0.08780069351754188,1.2368181088417578
